TeacherExp,SchoolID,TestScore,SmallClass,Boy,FreeLunch
7,63,920,1,0,0
21,20,986,1,0,0
"first year teacher",19,902,0,1,1
16,69,1007,0,1,0
5,79,936,1,1,1
8,5,885,0,1,1
17,16,818,0,0,1
3,56,951,0,0,0
11,11,917,1,0,0
10,66,983,1,0,0
13,38,903,0,1,0
6,69,905,0,1,0
"first year teacher",43,1033,1,1,0
6,71,918,1,1,0
18,52,1018,0,1,0
13,54,923,0,1,0
12,12,883,0,0,1
1,21,965,0,0,1
8,76,900,1,0,0
13,79,983,0,1,1
13,8,885,0,1,0
3,66,924,0,1,0
14,59,1058,1,1,1
11,31,880,0,0,1
10,27,1039,0,1,1
8,17,945,0,0,0
8,9,1081,0,0,0
5,39,872,0,0,0
13,55,929,0,1,0
"first year teacher",27,842,0,0,1
3,58,925,0,0,0
8,49,857,1,1,0
15,7,856,0,0,1
8,5,848,1,0,1
11,37,887,0,1,1
10,70,934,0,0,0
4,40,1017,1,0,1
7,9,904,1,0,0
17,48,945,1,1,0
12,10,1052,1,1,0
4,80,951,0,0,0
10,28,850,0,0,1
"first year teacher",43,1008,1,1,0
16,41,915,0,0,0
18,41,1067,1,1,0
4,40,846,1,0,1
12,27,1034,0,0,0
8,61,914,0,1,0
14,21,947,1,0,0
13,8,898,1,0,0
14,21,1027,1,0,0
5,47,953,0,0,0
13,11,815,0,1,0
5,35,919,1,0,0
1,21,935,0,0,1
5,24,1001,1,0,0
10,27,1008,0,0,1
22,33,875,0,1,1
2,19,904,1,0,1
2,30,1091,1,0,0
11,49,936,0,1,0
5,39,847,0,1,1
8,61,970,0,0,0
11,9,961,0,1,0
13,50,942,0,1,1
5,17,901,1,1,0
"first year teacher",31,855,0,1,1
5,39,895,0,1,0
4,46,899,1,0,0
12,12,987,0,1,0
5,1,1008,0,1,0
11,45,907,0,1,1
8,78,943,1,1,0
2,39,944,1,1,1
22,33,891,0,1,1
11,22,928,0,1,1
14,32,908,1,1,1
7,4,949,0,1,0
13,14,939,1,1,0
8,17,921,0,1,0
3,44,980,1,1,1
15,7,898,0,1,1
20,71,879,1,0,0
11,23,890,1,0,0
20,71,807,1,0,0
6,24,866,0,0,1
11,64,978,0,0,0
12,2,865,1,0,1
6,71,928,0,0,0
12,8,876,0,1,0
18,25,911,0,1,1
14,9,852,0,1,1
2,73,821,1,1,1
11,61,926,1,0,1
1,16,971,1,0,1
17,2,904,0,1,0
"first year teacher",19,842,0,0,1
17,48,922,1,1,1
"first year teacher",67,950,0,1,0
27,70,970,0,1,0
13,24,901,1,0,1
17,48,999,1,0,0
20,64,1020,0,1,0
17,43,872,0,0,0
4,13,1004,1,1,1
3,42,1043,0,1,0
15,66,1066,1,0,0
6,13,987,0,0,0
10,1,1010,0,0,0
22,33,843,0,1,1
4,7,823,1,1,0
16,69,957,0,0,0
8,5,785,0,1,0
6,19,902,0,1,1
8,57,903,0,0,1
15,7,973,0,0,1
10,30,984,0,1,0
15,65,1027,1,1,0
8,57,924,1,0,0
10,3,904,1,0,1
14,36,913,0,0,0
9,3,870,0,0,1
12,79,898,0,0,0
3,43,899,0,0,0
6,19,857,1,0,1
1,19,847,0,0,1
6,19,827,1,1,1
1,60,963,1,0,0
8,59,913,0,0,0
13,51,924,0,1,1
10,68,967,0,0,0
13,8,859,1,1,0
9,12,947,1,0,1
5,39,808,0,0,1
13,76,889,0,0,0
8,3,874,0,0,1
6,27,933,0,0,1
11,11,931,0,0,1
8,3,956,0,1,0
20,27,959,0,0,1
8,72,998,0,1,1
5,34,924,0,0,0
9,3,973,0,1,0
10,72,1006,0,0,1
18,25,928,0,0,1
10,24,918,0,1,0
3,45,809,1,1,1
12,50,1004,1,1,0
3,58,927,0,0,0
5,29,897,1,0,1
9,49,1112,0,1,0
6,62,928,1,0,0
12,20,863,0,0,0
8,66,839,0,0,1
10,42,936,1,0,0
8,78,851,1,1,1
22,33,832,0,0,1
2,76,923,0,1,0
11,22,1032,0,0,1
"first year teacher",27,881,0,1,1
14,42,906,0,0,1
20,27,954,0,0,1
1,20,893,0,1,1
"first year teacher",59,947,0,1,0
7,22,921,0,0,1
7,63,1016,1,1,0
7,28,910,0,1,1
15,21,892,0,1,1
7,54,839,0,1,0
"first year teacher",31,934,0,0,1
21,56,937,1,0,0
"first year teacher",31,1026,0,1,1
12,10,884,0,0,0
12,80,948,1,1,1
20,3,1032,0,0,1
5,34,1164,0,1,0
10,28,828,0,0,1
11,75,884,0,1,1
12,27,995,0,0,1
9,53,834,0,1,1
"first year teacher",17,867,0,1,0
1,20,940,0,0,0
1,57,854,1,1,0
9,65,923,0,0,1
5,58,989,1,1,0
3,44,996,1,0,1
8,17,885,0,0,0
1,26,879,1,0,1
2,57,860,0,1,1
17,43,1002,0,1,0
13,55,897,0,0,0
9,53,875,0,0,1
8,5,870,0,1,0
13,48,873,0,0,1
9,65,929,0,0,1
10,63,899,0,1,1
14,42,1113,0,0,0
10,24,923,0,0,1
2,32,860,0,1,1
1,26,879,1,1,0
7,54,905,0,1,0
9,1,893,0,1,0
4,7,942,1,1,0
9,49,914,0,0,0
11,15,862,0,1,1
1,37,836,1,0,1
"first year teacher",67,946,0,1,1
"first year teacher",7,909,0,1,1
3,56,841,1,0,0
15,26,906,0,0,1
3,44,881,1,0,1
13,55,878,0,0,0
10,72,867,0,0,1
3,53,911,0,1,0
3,66,834,0,1,0
10,63,1062,0,1,0
11,11,912,0,0,1
3,42,851,0,0,0
5,34,863,0,1,0
11,75,849,0,1,0
12,2,867,1,1,1
14,36,964,0,1,1
6,16,839,0,1,1
11,23,989,1,1,0
8,5,822,0,0,1
18,52,912,0,0,0
16,62,943,0,0,0
1,14,896,0,1,1
15,36,854,0,1,0
10,63,937,0,0,1
20,27,967,0,1,0
1,21,1000,0,1,1
9,22,940,1,1,1
15,70,866,1,1,0
8,72,1012,0,1,1
4,20,896,0,0,1
4,39,939,0,0,1
16,51,947,1,1,0
13,54,921,0,0,0
4,39,879,0,1,1
9,12,962,1,1,1
13,60,872,0,0,0
1,20,962,0,0,1
9,18,857,0,0,0
4,39,1022,0,1,1
12,25,1046,1,1,1
11,64,850,0,1,0
1,27,913,1,0,1
8,57,960,0,0,0
2,32,854,0,0,1
11,59,923,1,1,0
13,54,1020,0,1,0
14,21,1024,1,0,1
6,72,921,1,0,1
11,51,816,0,1,0
12,65,1120,0,0,0
6,62,906,1,1,1
4,7,1017,1,1,0
15,21,927,0,1,1
5,34,877,0,0,1
9,53,851,1,1,1
1,57,849,1,1,0
1,19,891,0,1,1
10,68,954,0,1,1
3,66,944,0,0,1
12,50,1116,1,0,0
8,58,934,1,0,0
21,23,946,0,0,0
12,80,876,1,0,0
15,43,881,1,1,0
8,74,894,0,0,1
1,22,927,0,0,1
20,17,880,1,1,0
6,69,978,1,1,0
9,49,952,0,0,1
9,18,905,0,1,0
5,1,944,0,1,0
6,16,815,0,1,1
"first year teacher",27,889,0,0,1
4,20,883,0,1,1
14,74,1136,1,0,0
12,45,841,0,1,1
22,33,852,0,0,1
2,34,967,1,0,0
13,67,868,0,1,1
8,4,904,0,1,0
6,63,983,0,0,1
3,44,962,1,1,0
15,55,903,1,0,0
12,63,842,0,1,1
2,25,871,0,0,1
9,3,887,0,1,0
17,34,931,0,0,0
14,52,847,1,1,0
17,58,901,0,0,0
15,41,1021,0,0,0
6,26,875,0,1,1
8,17,931,0,0,0
9,49,932,0,1,1
4,20,997,0,0,1
13,80,1001,0,0,0
3,56,862,0,1,0
13,66,894,0,0,0
5,33,907,0,1,1
11,61,923,1,0,0
7,63,993,1,0,1
10,30,896,0,0,1
12,6,909,1,0,0
9,18,866,0,1,0
6,33,680,0,0,1
1,76,871,0,1,0
3,22,1120,1,1,1
1,76,936,0,0,0
"first year teacher",17,847,0,1,1
8,68,1013,1,0,0
6,68,984,1,1,0
11,49,1003,0,1,0
15,26,901,0,0,1
10,18,978,0,1,1
3,78,1005,0,0,0
5,9,799,0,1,0
9,18,832,0,1,1
11,49,990,0,0,0
5,47,930,0,1,0
13,11,1206,0,0,0
13,8,889,1,0,1
24,22,997,0,0,1
13,51,886,0,1,0
7,36,916,1,1,0
11,31,1044,0,0,1
8,76,945,1,1,0
5,35,820,1,0,0
7,54,963,0,0,0
14,73,976,0,0,1
4,13,933,1,1,1
17,58,962,0,1,0
9,22,954,1,1,0
17,34,908,0,0,0
8,57,902,1,1,0
11,61,900,1,0,1
15,55,883,1,1,0
13,76,888,0,1,0
2,16,895,1,0,1
8,76,909,1,1,0
10,72,1054,0,1,0
4,7,976,1,1,0
"first year teacher",43,966,1,1,0
18,52,996,0,1,0
"first year teacher",44,931,0,1,0
4,20,892,0,1,0
12,15,906,1,0,1
5,64,981,0,1,0
4,63,972,1,0,0
3,28,983,1,1,1
21,20,927,1,1,0
12,12,959,0,1,0
5,47,885,0,1,0
22,33,901,0,1,1
14,9,1061,0,1,0
3,10,942,0,1,0
12,15,870,1,0,1
15,26,890,0,0,1
7,61,830,1,1,1
"first year teacher",67,875,0,1,1
4,48,939,0,0,1
3,15,885,0,0,1
17,16,762,0,1,1
14,36,897,0,1,1
13,8,933,1,0,0
2,16,867,1,0,1
8,38,876,0,0,0
21,40,908,0,0,1
2,40,968,0,0,1
4,20,816,0,1,0
10,30,996,0,1,1
17,34,903,0,0,0
8,57,789,0,1,1
6,50,931,1,1,0
11,6,845,0,1,0
24,44,909,0,0,1
6,62,873,1,1,1
24,30,1054,0,1,1
21,40,1031,0,0,0
2,16,912,1,1,1
18,41,1099,1,1,0
8,76,925,1,1,0
2,40,900,0,1,1
12,46,936,0,1,0
12,63,940,0,0,1
1,14,902,0,1,1
5,9,852,0,1,1
5,37,914,0,1,0
4,35,855,0,1,1
8,68,954,1,1,1
"first year teacher",31,953,0,0,1
13,79,805,0,0,1
2,32,828,0,1,1
6,39,857,1,1,1
9,18,923,0,1,0
27,40,859,1,0,1
19,73,983,0,1,0
7,28,908,0,1,1
3,22,1096,1,1,1
14,1,1191,1,1,0
1,57,894,1,0,0
10,63,1051,0,1,0
6,33,815,0,0,1
6,2,864,0,0,0
9,12,1057,1,0,0
15,47,870,0,0,0
13,11,1069,0,1,0
11,27,962,1,1,1
9,65,918,0,1,0
16,69,939,0,1,0
2,30,1008,1,1,1
24,30,1077,0,1,0
15,43,940,1,0,0
27,70,924,0,0,0
12,74,878,1,1,0
10,1,818,0,1,1
3,15,889,0,0,1
2,76,881,0,0,1
12,8,811,0,0,1
15,41,987,0,1,0
2,32,867,0,0,1
1,19,903,0,1,1
16,62,839,0,0,1
12,74,882,1,1,1
13,54,947,0,0,0
8,3,990,0,1,1
9,53,756,1,0,1
"first year teacher",59,1031,0,1,0
11,75,846,0,1,0
3,58,904,0,1,0
5,64,888,0,1,0
1,19,931,0,0,1
11,27,994,1,1,1
3,56,822,1,1,0
13,11,1099,0,1,0
27,70,1033,0,0,1
5,1,952,0,1,0
20,64,742,0,1,1
5,47,842,0,1,0
7,4,860,0,1,1
17,43,900,0,1,0
1,21,931,0,0,0
6,13,961,0,1,0
"first year teacher",7,939,0,1,0
12,25,906,1,1,1
15,47,842,0,0,0
12,72,1006,0,1,0
8,4,942,0,0,0
14,33,877,1,0,1
12,51,921,0,1,0
10,72,964,0,1,0
3,10,1004,0,1,0
12,10,809,0,1,1
10,51,907,1,0,0
9,7,963,0,1,0
1,76,937,0,0,1
11,18,868,0,1,1
2,34,868,1,1,1
2,57,841,0,1,1
2,25,945,0,0,1
11,45,779,0,1,1
1,16,829,1,0,1
"first year teacher",4,939,1,1,0
4,40,900,1,0,1
20,27,945,0,1,1
12,25,983,1,1,1
16,72,992,1,1,0
16,68,947,0,0,0
3,43,880,0,1,0
15,36,881,0,0,0
12,45,917,0,1,1
6,72,997,1,0,1
"first year teacher",27,983,0,1,0
11,6,920,0,0,0
11,75,931,0,0,0
"first year teacher",27,881,0,0,0
3,42,832,0,0,0
5,21,898,0,1,1
3,66,829,0,1,1
1,21,975,0,0,1
12,63,947,0,1,0
5,29,854,0,0,1
20,17,916,1,1,1
6,13,965,0,1,0
9,49,918,0,0,0
13,76,876,0,1,0
14,36,868,0,0,1
24,22,968,0,1,1
12,72,949,0,0,0
6,26,873,0,0,1
14,36,1053,0,0,0
1,23,921,0,1,1
8,66,909,0,0,0
13,54,961,0,1,0
7,56,878,0,1,0
"first year teacher",44,879,0,1,1
3,43,875,0,0,0
9,1,820,0,0,1
14,59,1049,1,1,1
17,48,883,1,0,1
24,22,915,0,0,1
11,49,1022,0,1,0
11,23,879,1,1,0
7,56,800,0,1,1
13,50,889,0,0,1
22,33,899,0,1,1
14,32,857,1,0,1
21,40,857,0,1,1
6,69,971,0,1,0
17,2,920,0,0,1
7,28,877,0,1,1
4,35,807,0,0,1
2,32,905,0,1,1
21,15,855,1,0,1
7,22,887,0,1,0
6,39,876,1,0,1
16,51,935,1,0,0
2,76,933,0,1,1
9,7,851,0,0,1
12,46,946,0,1,0
17,2,870,0,1,0
"first year teacher",17,987,0,0,0
1,23,933,0,1,0
6,69,949,0,1,0
12,80,866,1,1,1
"first year teacher",42,955,1,1,0
13,8,937,1,1,0
3,45,827,1,0,1
3,56,846,0,1,0
6,16,836,0,1,1
1,76,986,0,1,0
16,51,907,1,1,0
17,29,906,0,0,1
13,54,858,0,0,0
5,29,831,0,1,1
12,54,931,1,0,0
20,27,960,0,0,1
12,45,851,0,0,1
8,49,897,1,0,0
24,44,1063,0,1,1
14,9,972,0,0,1
14,9,966,1,1,0
14,70,964,0,0,1
12,50,927,1,1,1
11,60,854,1,1,1
12,50,893,0,0,1
14,9,993,1,1,0
1,6,918,0,0,1
15,51,782,1,0,0
1,22,916,0,1,1
14,70,989,0,1,0
18,25,882,0,0,1
11,11,834,0,0,1
6,2,809,0,1,1
5,34,816,0,1,0
12,46,1054,0,0,0
10,70,997,0,1,0
7,36,841,1,1,0
6,69,959,1,0,1
13,67,912,0,1,0
12,74,931,1,0,1
"first year teacher",59,971,0,0,0
19,73,1003,0,0,0
3,44,988,1,0,1
5,37,956,0,1,0
18,25,875,0,0,1
8,70,847,1,1,0
8,5,839,0,0,0
12,6,871,1,1,1
8,3,994,0,0,0
8,76,924,1,1,1
8,57,903,0,1,0
13,66,952,0,0,0
9,3,875,0,0,0
10,68,1046,0,0,1
10,70,889,0,0,1
21,23,908,0,0,0
15,43,870,1,1,0
13,11,1082,0,0,0
6,63,875,0,1,0
"first year teacher",7,910,0,0,1
13,80,967,0,1,0
11,9,905,0,1,0
6,24,830,0,1,1
15,7,959,0,0,1
20,23,884,0,0,0
1,14,890,0,0,1
3,56,889,1,0,1
"first year teacher",19,942,0,1,1
10,68,869,0,1,1
11,9,916,0,1,1
11,15,826,0,1,1
8,38,950,1,0,1
10,68,1023,0,0,0
2,39,905,1,1,1
5,9,881,0,1,0
4,62,921,0,1,0
5,29,876,0,1,1
5,60,976,0,0,0
14,74,1105,1,1,0
22,61,905,0,1,0
11,47,887,1,1,0
10,1,847,0,0,0
17,2,919,0,1,0
10,72,856,0,1,0
20,12,956,0,0,1
5,29,926,1,1,1
10,68,958,0,1,1
9,3,1017,1,1,0
12,10,956,0,1,0
14,52,966,1,1,0
16,22,912,0,1,1
16,51,903,1,1,1
21,56,823,1,0,0
12,51,978,0,1,0
17,58,1061,0,1,0
18,25,796,0,1,0
6,24,907,0,0,1
9,28,893,0,1,1
2,71,870,0,0,0
13,56,805,0,1,0
20,3,1045,0,0,0
"first year teacher",17,956,0,1,0
14,36,956,0,0,0
2,30,996,1,1,1
8,76,869,1,1,1
17,43,884,0,1,0
5,28,837,0,1,1
13,24,917,1,0,0
10,27,1036,0,0,1
3,66,888,0,0,1
3,7,899,0,1,1
14,9,845,0,0,0
15,47,857,0,0,0
20,3,908,0,1,1
11,61,888,1,1,0
8,8,993,1,0,0
8,78,906,0,1,0
4,7,1074,1,1,0
4,48,963,0,0,0
10,72,834,0,1,1
11,59,987,1,0,0
15,66,903,1,0,0
14,73,936,0,0,0
5,47,958,0,1,1
5,17,811,1,1,1
7,4,884,0,1,0
11,18,976,0,1,0
13,56,766,0,1,0
11,64,879,0,0,1
8,38,876,1,1,0
5,47,863,0,1,1
20,64,914,0,0,0
3,44,1007,1,1,1
1,14,853,0,0,1
6,7,810,1,1,1
15,26,902,0,0,0
5,29,939,0,0,1
4,40,1036,1,0,0
1,16,927,1,1,1
1,14,952,0,1,1
13,9,934,1,1,0
9,65,902,0,1,0
7,28,1048,0,0,1
7,61,929,1,0,0
3,10,1042,0,1,0
5,33,882,0,1,1
11,51,871,0,0,1
10,63,981,0,0,1
"first year teacher",27,1007,0,0,1
10,18,948,1,1,1
17,36,928,1,1,0
10,42,853,1,0,1
15,55,911,1,1,1
5,21,1109,0,0,0
17,29,927,0,1,1
1,33,869,1,0,1
16,68,1068,0,1,1
17,58,1001,0,0,0
6,71,863,0,1,1
3,7,997,0,0,1
17,16,862,0,1,1
13,60,908,0,0,0
12,10,961,1,0,0
4,35,902,0,0,0
5,60,944,0,0,1
4,35,842,0,0,1
11,61,1003,1,1,0
8,61,915,0,0,0
8,8,844,1,0,0
12,79,887,0,1,1
"first year teacher",7,1043,0,0,0
16,68,1028,0,0,1
10,3,1002,1,0,0
6,7,801,1,1,1
15,21,979,0,0,1
3,56,903,0,1,0
13,48,883,0,0,0
5,21,989,0,1,1
5,33,853,0,0,1
11,45,800,0,0,1
5,35,867,1,0,0
11,51,926,0,0,0
22,76,908,1,1,1
9,3,991,1,1,0
12,63,891,0,1,1
8,74,971,0,0,0
5,39,837,0,0,1
3,10,932,0,0,0
15,51,1015,1,0,0
13,60,796,0,1,1
13,79,1005,0,0,0
13,60,870,0,1,1
6,19,946,1,1,1
13,14,884,1,0,1
8,72,997,0,0,0
"first year teacher",31,925,0,1,1
11,75,1114,0,0,1
8,5,964,1,0,0
4,46,965,1,1,0
15,7,1100,0,0,0
20,3,949,0,0,0
2,16,803,1,1,1
9,22,953,1,1,1
8,74,989,0,0,0
16,22,823,0,0,1
3,28,929,1,1,1
9,53,846,0,0,1
1,16,974,1,1,1
9,3,921,0,1,0
"first year teacher",19,989,0,1,0
2,57,942,0,0,0
13,50,874,0,1,1
15,21,928,0,0,1
12,34,805,1,1,0
6,2,878,0,1,1
10,24,831,0,0,1
12,35,924,0,1,0
7,9,967,1,0,0
13,55,979,0,1,1
13,55,888,0,1,0
"first year teacher",7,943,0,1,0
11,75,1052,0,0,0
10,28,789,0,1,1
3,22,1046,1,0,1
13,14,1164,1,0,1
11,75,975,0,1,0
1,6,811,0,1,1
12,8,894,0,0,0
8,16,844,0,1,1
3,58,932,0,1,0
11,6,1019,0,0,0
2,39,913,1,0,1
8,76,967,1,0,1
"first year teacher",19,852,0,1,1
11,64,841,0,1,1
12,45,802,0,1,1
19,64,829,1,1,1
7,9,790,1,1,1
6,28,806,1,1,0
17,2,924,0,1,1
17,43,888,0,0,0
"first year teacher",17,783,0,1,1
11,27,994,1,0,1
8,78,879,0,1,0
11,23,976,1,1,0
5,9,945,0,0,0
11,75,917,0,1,0
13,8,897,0,0,0
10,24,946,0,1,0
11,11,928,0,1,1
9,22,1027,1,1,1
10,18,884,0,0,1
6,27,969,0,0,1
2,32,856,0,1,1
15,36,871,0,1,0
11,75,900,0,0,0
10,42,768,1,1,0
14,32,948,1,1,1
2,71,859,0,0,1
20,27,957,0,0,1
17,43,919,0,0,0
6,31,1032,1,1,1
6,63,837,0,0,1
6,50,809,1,1,1
5,67,946,1,1,1
3,75,930,1,0,1
8,5,832,0,1,1
5,64,912,0,1,0
14,1,986,1,0,1
8,58,944,1,0,0
3,15,784,0,1,1
3,45,861,1,1,1
7,63,853,0,0,1
1,26,786,1,0,0
4,35,936,0,0,0
4,39,891,0,1,1
13,55,919,0,1,0
21,56,921,1,1,1
5,28,829,0,1,1
2,76,922,0,1,0
17,34,866,0,1,0
6,24,873,0,0,1
"first year teacher",44,876,0,1,1
1,76,911,0,0,0
11,75,979,0,0,0
12,54,953,1,1,0
5,35,861,1,1,1
11,6,845,0,0,1
11,31,1028,0,0,1
5,51,848,0,1,0
13,56,820,0,1,0
20,17,891,1,1,0
9,7,1039,0,0,0
8,70,854,1,1,1
"first year teacher",44,878,0,1,1
13,48,856,0,0,1
20,27,996,0,0,1
13,54,910,0,1,0
3,78,890,0,0,0
21,56,780,1,0,1
3,15,792,0,0,1
13,55,933,0,0,1
13,24,945,1,1,0
11,22,942,0,0,1
8,49,928,1,1,0
13,8,879,1,1,0
13,60,937,0,0,0
10,3,1072,1,1,0
4,39,961,0,0,1
5,67,955,1,1,0
21,40,876,0,0,1
12,27,1037,0,0,1
20,17,910,1,1,0
13,74,918,0,1,0
18,41,991,1,1,0
6,69,917,0,0,0
1,19,904,0,1,1
3,58,948,0,0,0
7,28,887,0,0,1
5,28,902,0,1,0
8,3,899,0,0,1
8,28,913,1,0,1
10,70,984,0,1,0
6,68,898,1,0,1
6,39,889,1,0,1
5,1,952,0,1,0
13,48,930,0,1,1
1,76,849,0,1,1
5,34,894,0,0,0
"first year teacher",31,963,0,1,1
9,28,854,0,0,1
5,51,828,0,0,0
13,55,920,0,0,0
2,73,950,1,0,1
2,28,805,1,0,1
11,64,856,0,0,1
19,64,927,1,0,0
12,51,944,0,0,0
12,20,847,0,1,1
8,78,905,0,1,1
12,79,916,1,1,0
1,19,952,0,0,1
8,5,1080,1,0,0
8,72,826,0,1,1
6,72,1036,1,1,0
13,55,861,0,0,1
8,16,879,0,1,1
13,51,976,0,1,0
5,37,853,0,0,0
11,37,947,0,0,0
5,28,883,0,1,1
6,2,898,0,1,1
14,59,985,1,0,0
11,60,902,1,0,1
11,59,908,1,0,0
15,26,893,0,0,1
15,47,961,0,1,1
8,41,1043,1,1,0
7,54,889,0,0,0
11,75,886,0,1,0
11,51,907,0,1,0
9,53,870,1,0,0
6,19,837,0,1,1
10,42,831,1,1,0
2,32,865,0,1,1
12,8,908,0,0,0
19,64,1054,1,0,0
3,78,879,0,1,0
8,16,852,0,1,1
10,42,921,1,1,0
"first year teacher",46,812,0,1,1
13,8,891,0,0,0
12,46,877,0,1,1
8,57,960,1,1,0
22,33,898,0,0,1
8,4,812,0,1,0
13,80,942,0,1,0
5,47,928,0,1,0
"first year teacher",7,837,0,1,0
19,64,1121,1,1,0
10,18,831,1,1,1
21,15,917,1,0,1
6,24,953,0,0,0
3,66,908,0,0,0
18,52,966,0,0,0
17,2,856,0,1,1
"first year teacher",4,887,1,1,0
11,11,1003,1,0,0
27,70,816,0,1,0
2,28,831,1,1,1
3,44,914,1,1,0
11,11,1028,1,1,1
4,48,983,0,0,0
12,2,918,1,1,1
13,66,998,0,1,1
7,22,839,0,0,1
8,5,911,0,0,0
4,80,837,0,1,0
3,7,991,0,0,0
8,61,845,0,1,0
12,8,831,0,1,1
13,55,891,0,0,1
3,42,893,0,0,0
11,9,820,0,0,1
3,22,1140,1,0,1
11,22,839,0,0,1
17,43,850,0,1,0
2,28,913,1,0,1
10,72,981,0,1,0
12,35,960,0,0,1
14,42,1020,0,1,0
5,33,855,0,0,1
13,76,857,0,1,0
5,51,956,0,1,1
8,72,860,0,1,1
5,58,979,1,0,0
8,9,928,0,1,0
2,40,1083,0,1,0
6,13,957,0,0,0
11,9,866,0,0,1
10,68,956,0,1,0
17,2,880,0,1,1
"first year teacher",27,908,0,0,1
8,49,933,1,1,1
11,59,989,1,0,1
15,7,927,0,1,0
10,70,830,0,1,0
1,19,953,0,0,1
4,35,851,0,1,0
8,68,944,1,0,1
18,41,1079,1,0,0
14,70,973,0,1,1
21,40,901,0,1,0
15,55,836,1,1,1
13,56,846,0,0,0
"first year teacher",59,951,0,0,0
10,1,862,0,1,0
3,78,906,0,0,0
5,28,987,0,0,1
3,32,813,0,0,1
10,72,981,0,1,1
5,33,730,0,1,1
3,78,871,0,1,0
4,7,832,1,0,1
11,51,880,0,0,1
2,73,848,1,1,0
4,39,959,0,0,1
13,56,853,0,1,1
8,4,907,0,1,0
13,75,979,0,1,0
5,37,909,0,1,0
"first year teacher",42,916,1,1,0
12,15,960,1,1,1
5,58,998,1,0,0
1,26,852,1,1,1
6,68,1033,1,0,1
8,38,964,1,0,0
1,33,896,1,1,1
10,1,944,0,1,0
10,27,1010,0,1,0
8,61,909,0,0,0
1,14,863,0,0,1
"first year teacher",42,1114,1,1,0
3,43,859,0,1,0
12,46,921,0,1,1
5,64,852,0,0,1
"first year teacher",4,852,1,1,0
10,27,1016,0,1,1
13,37,925,1,1,0
1,14,881,0,0,1
14,21,949,1,1,0
8,17,976,0,1,0
"first year teacher",43,924,1,1,0
14,9,837,1,1,1
27,70,876,0,0,1
15,51,1020,1,1,0
14,21,924,1,1,0
2,73,834,1,0,1
13,75,999,0,0,0
15,26,888,0,1,1
21,20,888,1,1,1
5,51,963,0,0,0
1,14,949,0,0,1
22,61,948,0,0,0
7,54,912,0,1,0
10,27,1015,0,0,0
21,48,944,1,1,1
1,20,1008,0,0,0
8,16,860,0,1,1
8,9,901,0,1,1
13,74,939,0,1,0
12,65,928,0,0,1
12,50,963,1,0,0
11,75,946,0,0,0
17,58,957,0,0,0
4,62,929,0,0,0
"first year teacher",17,834,0,1,1
2,19,919,1,0,1
17,16,799,0,0,1
22,61,905,0,0,0
10,68,947,0,1,0
3,28,916,1,1,1
1,19,925,0,1,1
18,52,996,0,0,0
4,13,950,1,0,1
12,8,878,0,1,1
3,53,849,0,1,0
11,11,1015,1,0,0
11,49,897,0,0,1
15,7,1019,0,1,0
6,69,997,1,1,0
8,74,903,0,0,0
10,68,824,0,0,1
10,28,889,0,1,1
6,7,1004,1,1,0
3,10,884,0,1,0
17,36,899,1,0,0
8,17,927,0,1,1
9,7,839,0,1,0
"first year teacher",7,811,0,1,1
1,6,926,0,1,0
14,21,1044,1,0,0
7,54,1058,0,0,0
12,25,803,1,1,1
9,53,895,1,0,0
12,45,835,0,1,1
1,33,870,1,1,1
"first year teacher",37,914,0,1,0
12,10,1056,0,0,0
2,71,947,0,1,0
9,1,924,0,0,0
11,75,1017,0,1,0
11,9,922,0,0,0
"first year teacher",27,994,0,0,1
5,51,861,0,1,0
10,18,968,1,1,1
6,33,857,0,1,1
17,43,1002,0,1,0
5,28,918,0,1,1
11,22,887,0,0,1
13,76,1050,0,1,0
8,58,915,1,1,0
"first year teacher",23,916,1,0,0
17,36,998,1,1,0
16,62,862,0,0,1
4,39,847,0,0,0
5,9,1000,0,1,0
14,21,959,1,1,0
"first year teacher",7,949,0,0,0
5,51,955,0,1,0
12,46,944,0,1,0
3,43,893,0,0,0
2,71,831,0,0,0
6,19,900,0,1,1
8,68,968,1,0,0
3,44,963,1,1,1
6,31,975,1,0,1
10,66,903,1,1,1
5,28,802,0,0,1
8,17,989,0,1,0
12,54,878,1,0,0
6,13,789,0,1,1
20,12,867,0,1,1
12,74,972,1,1,1
15,26,914,0,0,1
3,58,1097,0,1,0
5,24,876,1,0,1
10,30,999,0,0,1
8,61,839,0,1,0
1,23,964,0,0,0
12,50,839,1,0,1
5,64,878,0,1,0
12,72,908,0,0,0
16,41,1038,0,1,0
6,63,854,0,0,0
13,8,864,1,1,0
5,28,910,0,1,1
8,5,800,0,0,1
8,78,936,0,1,0
6,28,981,1,0,1
13,75,954,0,0,0
7,4,931,0,0,0
13,9,978,1,1,0
22,76,892,1,0,0
11,64,887,0,0,0
11,51,821,0,0,0
11,60,962,1,0,0
8,68,1031,1,0,0
12,12,910,0,1,1
2,25,845,0,0,1
11,45,802,0,0,1
2,32,880,0,0,1
1,19,945,0,0,1
10,27,1092,0,0,1
15,41,926,0,1,0
13,11,1044,0,0,0
4,46,947,1,1,0
8,38,877,1,0,0
4,13,1029,1,1,0
11,49,989,0,0,1
4,39,920,0,1,1
13,54,937,0,0,0
2,40,908,0,0,1
20,64,1065,0,1,1
7,36,842,1,0,0
6,50,971,1,0,0
3,53,827,0,1,1
6,19,867,0,1,1
13,67,924,0,0,0
3,42,916,0,1,0
"first year teacher",59,964,0,1,0
12,79,962,0,1,0
13,48,909,0,1,0
"first year teacher",37,961,0,1,1
12,34,841,1,1,0
20,71,942,1,1,0
8,5,866,0,1,0
1,27,944,1,1,1
4,48,931,0,1,0
4,13,940,1,0,0
6,72,862,1,1,1
6,71,917,1,1,0
13,74,866,0,1,1
6,33,777,0,1,1
8,3,895,0,1,0
16,69,880,0,0,0
8,16,856,0,0,1
13,50,924,0,0,0
10,68,979,0,1,1
9,1,922,0,1,1
9,3,821,1,1,1
12,10,848,0,0,1
20,3,1016,0,1,0
11,18,903,0,0,1
12,46,935,0,0,0
21,40,867,0,0,1
11,51,785,0,1,1
16,22,988,0,1,1
"first year teacher",32,817,0,1,1
9,18,857,0,0,1
8,70,929,1,1,0
11,11,851,0,0,1
27,70,937,0,0,0
5,29,836,0,1,1
5,47,937,0,0,1
3,56,886,1,0,1
13,8,999,1,0,1
5,1,1013,0,0,0
8,78,940,1,1,0
22,61,912,0,1,0
2,71,889,0,1,1
14,36,984,0,1,0
12,8,914,0,1,1
13,60,976,0,0,1
6,50,958,1,0,1
1,27,893,1,1,1
8,5,797,0,0,0
3,22,923,1,0,1
11,22,839,0,0,1
19,73,1037,0,0,0
13,75,870,0,0,0
9,18,834,0,0,1
10,1,848,0,1,0
2,19,848,1,0,1
24,30,1082,0,0,1
5,33,906,0,1,1
6,68,953,1,0,1
11,49,1042,0,0,0
6,7,961,1,0,0
3,66,903,0,0,0
4,80,820,0,1,0
3,53,903,0,0,0
15,21,1063,0,1,1
12,79,910,0,1,1
27,40,995,1,0,1
20,17,1020,1,1,0
13,80,908,0,0,0
5,34,826,0,1,0
13,55,912,0,1,0
17,16,855,0,1,1
10,1,938,0,1,0
11,49,954,0,0,0
"first year teacher",23,922,1,0,1
13,9,1058,1,0,0
10,66,857,1,0,1
12,20,865,0,1,0
3,78,864,0,0,1
3,10,943,0,1,1
8,59,856,0,1,0
3,32,839,0,1,1
11,22,852,0,0,1
8,28,789,1,1,1
6,68,1018,1,1,0
7,4,983,0,1,0
11,45,789,0,1,1
6,19,872,1,0,1
14,73,934,0,1,0
5,37,931,0,0,1
"first year teacher",4,858,1,0,0
5,29,1097,1,0,1
13,24,880,1,1,1
9,65,920,0,0,0
9,53,973,0,1,0
2,34,897,1,1,0
3,78,800,0,0,0
8,41,933,1,1,0
11,45,867,0,1,1
10,3,965,1,0,0
8,5,873,1,1,1
6,24,898,0,0,1
"first year teacher",37,886,0,0,1
2,57,879,0,1,0
4,7,1078,1,1,1
3,75,921,1,1,0
6,68,1007,1,1,0
21,40,868,0,1,1
1,19,927,0,1,1
6,71,952,0,1,0
3,58,913,0,1,0
16,69,933,0,1,1
17,34,911,0,0,1
13,80,872,0,0,1
27,70,881,0,0,1
13,11,1099,0,1,0
17,36,921,1,1,0
7,56,847,0,1,0
1,16,942,1,0,1
6,33,779,0,1,1
21,23,846,0,0,1
5,21,926,0,1,0
17,16,852,0,0,1
4,63,1007,1,1,0
6,16,847,0,1,1
5,34,892,0,1,0
14,70,831,0,0,1
10,68,900,0,1,1
20,17,932,1,0,0
4,35,830,0,0,1
21,15,854,1,1,1
11,61,979,1,1,0
8,5,1000,0,0,0
14,74,1003,1,0,0
1,76,974,0,1,0
12,63,862,0,1,0
22,33,851,0,0,1
16,51,936,1,1,0
2,76,872,0,1,0
"first year teacher",19,1067,0,0,1
14,70,854,0,0,1
17,43,862,0,0,0
8,9,967,0,0,0
4,40,1124,1,1,1
13,80,947,0,0,0
13,75,799,0,1,0
15,47,890,0,0,1
8,3,919,0,0,0
10,27,998,0,0,0
10,68,908,0,0,1
14,36,1203,0,1,0
5,51,915,0,0,0
6,13,962,0,1,1
12,45,819,0,1,1
16,22,867,0,1,1
7,9,996,1,0,1
5,9,956,0,1,0
12,65,912,0,0,0
2,32,956,0,0,1
20,27,1021,0,1,1
21,48,1036,1,1,0
24,30,1025,0,0,1
16,62,888,0,1,1
2,34,901,1,1,0
"first year teacher",17,864,0,0,0
5,37,885,0,1,0
4,20,937,0,0,1
3,58,926,0,0,0
14,59,940,1,0,1
9,7,1014,0,1,0
13,51,836,0,1,1
6,16,878,0,1,1
8,58,967,1,1,0
12,10,1003,0,1,0
10,24,854,0,1,0
11,6,917,0,0,1
13,67,953,0,0,1
5,67,855,1,0,1
12,63,992,0,0,1
13,60,868,0,1,0
15,51,952,1,1,1
15,41,966,0,0,0
9,49,911,0,1,0
15,21,896,0,1,1
8,78,910,1,1,1
15,47,934,0,1,0
12,54,967,1,0,0
9,7,787,0,0,1
18,52,944,0,0,0
5,37,923,0,1,0
8,78,952,1,0,0
12,34,926,1,0,1
6,72,1050,1,0,1
12,27,983,0,1,1
13,79,897,0,1,0
12,15,839,1,1,1
8,68,914,1,1,0
12,51,954,0,1,0
13,48,1014,0,0,0
11,61,891,1,1,0
27,40,953,1,0,1
2,71,1089,0,0,0
1,20,924,0,1,0
12,15,862,1,1,1
11,18,856,0,1,1
15,21,917,0,0,0
11,49,974,0,1,0
2,30,987,1,1,1
22,33,800,0,1,1
1,20,1044,0,0,0
7,61,978,1,1,0
9,7,1087,0,0,0
6,19,900,1,0,1
1,73,879,1,0,0
2,57,862,0,1,0
"first year teacher",19,1006,0,0,1
11,51,896,0,1,1
6,63,873,0,1,0
21,48,895,1,1,0
11,15,936,0,0,0
12,6,994,1,0,1
5,60,871,0,0,1
7,22,825,0,1,1
9,22,986,1,1,0
13,55,989,0,0,0
8,74,1136,0,1,0
8,58,991,1,0,0
8,5,964,0,1,1
5,35,996,1,0,0
15,36,947,0,0,0
3,44,1144,1,1,1
13,8,889,1,1,1
6,13,867,0,0,0
8,38,865,0,0,1
1,22,924,0,0,1
12,12,1005,0,1,1
7,4,902,0,1,0
10,18,844,1,0,1
9,65,949,0,0,0
6,13,961,0,1,0
24,44,924,0,1,1
1,37,864,1,0,0
12,2,813,1,0,0
8,28,825,1,0,0
"first year teacher",67,973,0,1,0
4,35,1069,0,1,0
13,11,931,0,1,1
12,20,883,0,0,0
6,19,962,0,0,0
8,74,924,0,1,0
8,38,985,0,0,1
12,20,900,0,0,1
6,72,1104,1,1,1
24,22,914,0,0,1
5,28,761,0,0,1
13,51,847,0,0,0
8,70,962,1,1,1
4,35,829,0,0,1
16,68,892,0,1,0
12,72,916,0,0,1
6,31,962,1,1,1
4,46,942,1,1,0
6,13,881,0,1,0
"first year teacher",32,795,0,0,1
24,22,967,0,1,1
12,12,877,0,1,0
4,7,1097,1,1,0
8,72,1087,0,0,0
11,15,934,0,1,1
21,20,875,1,0,0
1,27,891,1,1,1
9,22,936,1,0,1
6,24,899,0,1,1
11,47,857,1,1,1
1,6,862,0,1,0
20,64,925,0,0,1
9,12,1016,1,0,0
14,70,837,0,1,1
12,12,973,0,1,0
5,24,891,1,1,1
14,42,857,0,0,0
12,8,834,0,1,1
10,30,894,0,1,1
20,23,1076,0,0,0
10,27,928,0,1,0
"first year teacher",37,935,0,1,0
1,60,924,1,0,0
5,47,930,0,1,1
8,3,954,0,1,0
13,48,849,0,1,1
"first year teacher",27,933,0,0,0
5,47,887,0,0,0
14,33,931,1,1,1
10,28,856,0,0,1
4,20,831,0,1,1
10,24,862,0,0,1
12,6,891,1,0,1
12,51,1058,0,1,1
9,7,993,0,1,1
14,21,923,1,0,0
13,54,842,0,1,0
"first year teacher",32,861,0,1,1
1,21,1048,0,0,0
11,64,937,0,0,0
17,34,841,0,0,0
12,72,962,0,1,0
17,43,907,0,0,0
"first year teacher",46,914,0,1,0
5,60,847,0,0,0
12,6,870,1,0,1
"first year teacher",19,981,0,1,1
18,52,971,0,1,0
15,21,936,0,0,1
22,61,967,0,0,0
11,23,865,1,0,1
10,42,944,1,0,0
15,70,862,1,1,1
8,3,907,0,1,0
4,48,909,0,1,0
5,60,864,0,1,1
13,11,911,0,1,1
13,50,917,0,1,0
7,56,782,0,0,1
3,66,937,0,1,0
20,64,906,0,0,0
6,63,885,0,1,0
5,51,899,0,1,1
8,57,877,1,1,0
11,23,943,1,1,0
13,51,1023,0,0,0
8,58,936,1,0,0
13,8,846,1,0,1
6,19,876,0,0,1
11,75,1180,0,0,0
12,35,881,0,1,1
1,26,816,1,1,1
16,41,966,0,0,0
3,56,635,0,1,1
14,1,1034,1,0,0
13,75,894,0,0,0
12,50,953,0,0,0
13,55,834,0,0,1
6,13,957,0,0,0
13,51,943,0,1,0
5,29,890,0,0,1
11,49,855,0,1,1
7,22,886,0,0,1
20,12,958,0,1,0
2,16,809,1,0,1
12,27,995,0,1,1
4,40,1094,1,0,0
10,28,918,0,1,1
22,61,966,0,0,0
11,31,967,0,1,1
3,15,868,0,1,1
6,16,825,0,1,1
9,12,909,1,1,1
8,3,1002,0,1,0
11,22,859,0,0,1
22,61,898,0,1,1
16,41,933,0,0,0
10,70,925,0,1,1
19,73,1023,0,0,0
11,22,831,0,1,1
10,72,860,0,1,1
12,72,950,0,0,0
4,80,872,0,1,0
16,69,949,0,0,1
8,72,903,0,0,1
24,22,858,0,1,1
19,64,852,1,1,1
11,37,1008,0,0,1
7,9,950,1,0,1
3,43,942,0,1,0
13,9,910,1,1,0
9,3,854,0,1,0
9,1,905,0,0,0
14,9,1156,0,0,0
17,58,975,0,1,0
12,8,969,0,1,0
9,3,1012,1,1,0
"first year teacher",44,911,0,1,1
1,32,897,1,0,1
12,72,944,0,1,1
13,60,939,0,0,1
12,63,984,0,1,0
21,23,891,0,0,1
21,23,886,0,0,1
9,1,993,0,0,0
6,2,884,0,1,1
8,16,879,0,1,1
3,10,1124,0,0,0
14,36,971,0,1,0
9,12,881,1,0,1
24,44,947,0,1,1
5,34,871,0,1,0
9,65,897,0,0,1
10,68,974,0,0,1
6,63,930,0,1,1
3,45,809,1,1,1
1,23,876,0,0,1
6,27,1074,0,0,1
12,51,954,0,1,0
3,15,870,0,0,1
6,28,947,1,1,1
3,42,822,0,0,1
2,16,837,1,1,1
6,71,864,0,1,0
5,37,911,0,1,0
13,56,834,0,0,0
11,6,892,0,1,0
1,22,931,0,1,1
1,22,837,0,1,1
8,4,913,0,0,0
12,27,1006,0,1,1
11,9,889,0,1,0
11,64,934,0,1,0
9,28,903,0,0,1
6,63,773,0,1,0
7,61,947,1,1,0
16,41,968,0,0,0
22,33,855,0,0,1
1,16,873,1,0,1
11,64,883,0,1,0
6,19,831,0,1,1
12,27,984,0,0,1
6,72,1076,1,1,1
11,47,859,1,0,0
20,27,1003,0,1,1
10,42,853,1,0,1
11,6,919,0,1,0
16,62,939,0,0,0
16,41,939,0,0,0
9,1,971,0,0,0
7,4,937,0,1,0
9,3,957,1,1,0
8,57,887,0,1,1
5,60,1083,0,1,0
5,47,910,0,1,0
7,54,836,0,0,0
12,63,966,0,0,0
17,58,961,0,1,0
10,72,878,0,1,0
11,18,892,0,0,0
13,14,890,1,0,1
1,19,934,0,1,1
"first year teacher",27,845,0,0,1
27,70,891,0,1,1
8,9,847,0,1,1
5,9,936,0,0,0
12,63,898,0,1,0
8,59,904,0,1,1
2,57,1038,0,1,0
20,3,1033,0,1,0
13,74,906,0,1,0
14,42,948,0,1,0
18,25,825,0,0,1
18,41,982,1,0,0
13,24,992,1,0,0
9,49,886,0,1,0
9,18,857,0,0,1
12,79,865,0,1,0
10,68,994,0,0,1
"first year teacher",59,1061,0,1,0
13,55,886,0,0,1
2,25,992,0,1,1
8,57,1171,0,0,0
2,40,959,0,0,1
2,28,807,1,0,1
2,19,868,1,1,1
4,46,859,1,0,1
20,3,938,0,0,0
1,76,842,0,1,0
5,37,1094,0,0,0
5,1,868,0,0,1
20,3,902,0,0,0
12,51,900,0,0,0
1,20,933,0,0,1
7,22,860,0,0,1
10,66,891,1,1,0
7,9,1009,1,0,0
13,24,979,1,0,0
13,74,883,0,1,1
13,55,869,0,1,0
10,28,842,0,1,1
13,60,832,0,0,1
1,57,873,1,1,1
13,80,824,0,1,1
12,52,999,0,1,0
11,9,924,0,0,1
21,48,961,1,1,1
3,28,987,1,1,0
12,10,1003,1,1,0
3,58,879,0,1,0
7,28,903,0,1,1
12,12,937,0,0,1
21,48,978,1,0,1
5,51,897,0,1,0
12,8,975,0,0,0
8,4,849,0,0,1
11,60,883,1,1,0
15,41,1206,0,0,0
2,57,856,0,0,0
12,80,987,1,1,1
16,68,974,0,1,1
2,34,907,1,1,0
12,8,892,0,0,1
11,59,1000,1,1,1
10,24,961,0,0,0
11,22,883,0,1,1
5,17,841,1,0,0
12,25,886,1,1,0
6,19,782,0,1,1
9,28,1016,0,0,0
3,28,971,1,1,0
3,58,894,0,0,0
9,1,902,0,1,1
12,8,805,0,0,1
4,40,892,1,1,1
8,49,959,1,1,0
3,15,957,0,0,1
11,18,899,0,1,1
9,28,979,0,0,0
13,55,955,0,1,0
13,9,978,1,0,0
4,48,1016,0,1,0
5,29,968,1,1,1
11,49,962,0,1,1
5,39,826,0,0,1
5,60,919,0,1,1
24,44,983,0,1,1
8,5,1052,1,1,0
11,9,910,0,1,0
7,9,874,1,1,1
15,7,996,0,0,0
3,56,839,0,1,0
13,75,889,0,0,0
12,74,950,1,1,0
16,62,950,0,0,0
15,21,937,0,0,1
8,4,872,0,1,0
1,6,978,0,1,0
19,73,1108,0,1,0
10,51,1074,1,1,0
6,50,938,1,0,1
17,34,875,0,1,0
8,57,832,1,1,0
10,51,868,1,0,0
8,49,973,1,1,0
9,28,917,0,0,1
11,37,881,0,0,0
3,66,870,0,0,0
11,31,964,0,0,1
10,63,894,0,1,1
5,29,936,0,0,1
16,22,883,0,0,1
6,28,810,1,1,1
14,9,962,1,1,0
11,45,856,0,1,1
18,25,965,0,1,1
11,11,992,0,0,0
"first year teacher",27,892,0,0,0
13,8,971,0,0,0
9,3,872,0,0,1
13,14,1067,1,0,1
"first year teacher",37,979,0,0,0
10,30,939,0,0,1
14,36,951,0,1,0
9,12,1006,1,0,1
24,44,967,0,0,1
13,76,1033,0,0,0
12,27,954,0,0,1
22,33,804,0,0,1
"first year teacher",7,1005,0,0,0
5,21,956,0,1,1
3,56,817,0,0,0
10,51,960,1,1,0
6,19,1039,1,0,1
3,56,790,0,1,1
"first year teacher",67,870,0,0,1
8,66,853,0,1,0
10,68,1181,0,0,0
6,28,796,1,1,1
4,62,940,0,0,1
10,24,921,0,1,0
10,51,956,1,0,1
16,22,873,0,0,1
6,2,857,0,0,1
6,69,1031,0,0,0
12,12,946,0,1,0
5,67,890,1,1,1
13,11,864,0,1,0
11,60,872,1,1,1
12,46,905,0,1,0
11,9,831,0,1,0
8,9,976,0,0,0
20,3,956,0,0,0
8,9,949,0,0,0
11,37,981,0,0,0
4,35,870,0,1,1
7,63,913,0,1,0
8,5,821,1,1,1
3,58,934,0,1,0
5,60,816,0,0,1
10,18,906,0,1,0
11,18,937,0,0,0
12,63,915,0,1,0
"first year teacher",31,968,0,1,1
12,8,1031,0,0,0
12,35,883,0,1,1
2,16,911,1,1,1
6,2,866,0,1,1
10,66,886,1,1,0
3,58,969,0,1,0
6,33,813,0,0,1
2,25,897,0,0,1
3,43,960,0,0,0
10,30,868,0,0,1
11,18,780,0,1,1
"first year teacher",44,847,0,0,1
11,23,942,1,1,0
12,10,1009,1,1,0
12,65,979,0,0,0
14,52,1050,1,0,0
10,3,818,1,0,1
1,33,842,1,0,1
12,15,842,1,0,1
10,51,1004,1,1,0
12,12,978,0,1,0
6,2,831,0,1,1
10,1,873,0,0,0
3,56,834,0,1,0
17,43,842,0,0,0
14,36,895,0,0,0
5,21,917,0,0,1
10,18,868,1,1,1
"first year teacher",19,966,0,0,1
24,30,1102,0,0,1
8,38,893,0,0,1
12,34,849,1,0,0
"first year teacher",17,934,0,0,0
6,33,820,0,1,1
2,57,836,0,1,0
12,45,829,0,1,1
5,79,903,1,1,0
13,8,880,0,1,1
10,72,1018,0,0,0
11,49,1024,0,1,0
12,50,901,0,0,1
11,75,896,0,1,0
7,63,1029,1,0,0
10,1,903,0,1,1
12,52,923,0,1,0
"first year teacher",19,928,0,1,1
11,75,1091,0,0,0
14,73,941,0,0,0
13,8,952,0,1,0
2,71,935,0,1,0
27,40,925,1,1,1
4,7,1007,1,1,0
12,52,994,0,0,1
20,71,886,1,1,1
12,51,944,0,1,0
5,9,942,0,1,0
2,25,861,0,1,0
11,45,837,0,1,0
12,72,954,0,0,0
6,27,989,0,1,1
"first year teacher",43,1034,1,1,0
12,8,956,0,1,0
1,57,1022,1,1,0
8,59,1092,0,1,0
4,80,819,0,1,0
12,2,810,1,1,1
4,39,904,0,0,0
15,7,1042,0,1,1
10,63,961,0,1,0
13,75,932,0,0,0
19,73,983,0,0,0
13,67,1039,0,1,0
21,23,935,0,1,0
"first year teacher",37,897,0,1,0
3,75,1063,1,1,0
"first year teacher",46,947,0,0,0
3,44,1059,1,1,0
"first year teacher",17,992,0,1,0
20,3,957,0,1,0
6,63,899,0,1,1
7,63,1006,1,0,1
12,72,884,0,0,0
8,38,866,0,1,1
21,48,1031,1,0,0
10,66,819,1,1,0
3,56,845,1,0,1
8,66,881,0,1,0
"first year teacher",27,839,0,1,1
14,73,945,0,1,0
15,70,881,1,0,1
3,75,1203,1,1,0
11,6,884,0,1,1
7,22,873,0,1,1
10,18,881,1,1,1
7,56,881,0,1,0
7,61,877,1,0,1
8,41,882,1,1,0
17,16,831,0,0,1
9,53,919,0,0,1
5,64,866,0,1,1
2,73,860,1,1,1
11,15,877,0,1,1
11,9,939,0,1,1
8,9,1087,0,0,0
20,64,961,0,0,0
"first year teacher",4,870,1,0,0
11,6,823,0,1,1
24,22,879,0,1,1
9,65,886,0,1,0
17,16,810,0,0,1
2,76,958,0,0,0
7,28,952,0,0,1
14,9,987,0,0,0
5,28,830,0,1,1
9,1,889,0,0,0
13,55,921,0,1,0
1,6,814,0,0,1
6,69,827,0,1,0
11,75,826,0,1,0
5,17,945,1,1,0
17,29,907,0,1,1
2,34,905,1,0,1
6,69,1144,0,0,0
12,51,1051,0,1,0
5,47,926,0,0,0
13,14,905,1,1,1
1,6,890,0,1,1
10,68,877,0,1,0
13,11,958,0,0,0
3,32,772,0,0,1
24,30,1144,0,0,1
13,75,989,0,0,0
1,16,961,1,1,1
10,68,961,0,0,1
5,35,870,1,1,1
6,39,911,1,1,1
5,51,975,0,1,0
9,28,928,0,0,1
10,18,849,0,1,1
14,1,931,1,1,0
9,53,873,0,0,0
11,18,872,0,1,1
8,61,914,0,0,0
2,32,857,0,0,1
1,14,891,0,1,1
3,43,901,0,0,1
6,71,831,0,1,1
12,63,896,0,1,0
13,55,891,0,0,0
14,70,1031,0,1,1
6,31,1065,1,1,1
6,24,873,0,0,0
5,58,979,1,1,0
11,11,952,0,1,0
16,62,898,0,1,0
15,36,947,0,0,0
12,52,958,0,1,0
16,22,856,0,1,1
1,32,897,1,0,1
9,53,874,0,0,1
15,55,936,1,1,0
3,28,873,1,1,1
6,63,985,0,0,0
17,58,901,0,1,0
4,20,893,0,0,1
6,19,829,0,1,1
8,59,992,0,0,0
6,13,1008,0,1,0
3,78,926,0,0,1
5,28,879,0,0,1
12,45,885,0,1,1
1,19,856,0,1,1
2,76,865,0,0,0
10,72,1027,0,1,0
4,62,868,0,1,1
4,7,1058,1,0,0
15,66,869,1,0,1
"first year teacher",19,911,0,1,1
13,76,1015,0,0,0
5,67,848,1,1,0
15,47,903,0,1,0
12,72,824,0,0,1
5,29,859,0,0,1
11,31,974,0,1,1
10,72,825,0,1,1
13,55,889,0,0,1
8,9,988,0,0,0
7,54,886,0,1,1
8,78,892,0,0,0
3,42,853,0,0,0
2,71,910,0,1,1
15,66,857,1,1,0
3,53,923,0,0,0
10,30,979,0,0,1
1,19,908,0,0,1
6,71,996,1,1,0
8,66,932,0,0,0
2,34,912,1,0,1
20,71,834,1,1,0
1,60,921,1,0,0
6,16,831,0,1,1
1,73,914,1,0,0
1,21,973,0,1,0
22,61,983,0,0,0
24,30,1087,0,0,1
5,24,1010,1,0,0
7,56,854,0,1,0
11,11,869,0,1,1
6,13,1048,0,0,1
12,8,896,0,1,0
1,20,942,0,0,1
9,49,966,0,1,1
"first year teacher",27,711,0,0,1
20,12,858,0,1,1
20,23,1012,0,0,0
2,71,816,0,1,0
17,36,860,1,1,0
6,13,787,0,1,0
5,34,1012,0,0,0
14,70,950,0,0,1
8,5,953,0,1,0
4,48,1019,0,0,1
20,12,1027,0,0,1
11,47,856,1,0,1
13,75,1019,0,0,0
10,30,942,0,1,1
3,66,822,0,1,0
15,70,891,1,1,1
5,21,958,0,1,1
7,4,941,0,1,0
20,17,951,1,1,0
3,28,963,1,0,1
16,69,1008,0,0,0
13,9,1042,1,1,1
17,16,966,0,0,1
15,51,980,1,1,0
15,65,932,1,0,0
14,74,919,1,0,1
5,37,1044,0,0,0
15,36,931,0,0,0
9,3,890,0,1,1
8,59,1038,0,0,0
15,65,909,1,1,1
14,1,1003,1,1,0
12,45,812,0,1,1
6,50,960,1,1,1
11,37,991,0,0,0
14,33,891,1,0,1
4,35,873,0,1,1
13,24,939,1,0,0
15,47,910,0,0,0
8,5,917,0,0,0
1,32,858,1,1,0
15,47,918,0,1,0
"first year teacher",44,921,0,0,1
3,43,871,0,1,0
10,63,956,0,1,0
1,16,949,1,0,1
5,17,874,1,0,1
6,19,849,0,1,1
17,16,918,0,0,1
2,40,987,0,0,1
20,12,961,0,0,1
18,25,878,0,1,0
"first year teacher",7,1109,0,0,0
10,18,973,0,0,0
24,22,1002,0,0,1
2,76,888,0,0,1
8,4,877,0,0,0
8,4,915,0,0,0
8,41,1156,1,1,0
15,36,890,0,1,0
8,72,931,0,1,1
16,68,822,0,1,1
1,21,846,0,1,1
6,71,911,0,1,0
5,29,1003,0,0,0
6,33,809,0,0,1
2,57,796,0,0,1
6,28,927,1,1,1
8,9,951,0,1,0
6,71,929,0,1,0
17,34,868,0,1,0
20,23,1066,0,1,0
13,60,893,0,1,1
13,67,917,0,1,1
9,3,1053,1,0,0
16,68,951,0,0,0
1,37,856,1,1,1
7,63,1031,0,1,1
6,72,995,1,0,0
15,43,849,1,1,0
5,21,867,0,0,1
15,66,1062,1,1,0
6,16,829,0,1,1
6,24,873,0,0,0
10,18,948,0,1,1
19,73,915,0,1,0
12,6,879,1,0,0
6,24,916,0,1,0
8,38,883,1,1,1
6,2,844,0,1,0
13,55,934,0,1,0
14,36,971,0,0,0
2,16,937,1,1,1
10,28,923,0,1,1
13,66,933,0,1,1
"first year teacher",27,907,0,1,0
1,76,791,0,0,1
12,74,830,1,0,1
5,60,837,0,0,1
13,67,795,0,1,0
4,35,950,0,0,0
2,71,940,0,0,0
13,51,963,0,0,0
8,74,855,0,1,0
1,76,958,0,0,0
8,17,962,0,1,0
15,41,1071,0,0,0
6,72,1100,1,1,0
19,64,764,1,1,1
14,9,971,0,1,0
"first year teacher",31,975,0,0,1
8,16,834,0,1,1
12,51,910,0,1,1
8,28,937,1,1,0
8,38,810,0,0,1
5,1,945,0,1,0
10,68,905,0,0,0
12,54,953,1,0,0
12,54,902,1,0,0
1,20,921,0,0,0
11,6,934,0,0,0
20,12,923,0,1,1
16,62,872,0,0,1
8,72,983,0,1,0
15,41,933,0,1,0
3,56,837,1,0,0
21,40,924,0,0,1
8,70,978,1,0,1
3,58,903,0,1,0
20,12,906,0,1,1
15,47,981,0,0,0
3,44,1039,1,0,1
11,23,810,1,1,1
11,22,915,0,0,1
8,78,847,0,1,1
2,32,899,0,1,1
2,25,878,0,1,1
15,41,1116,0,1,0
13,67,886,0,1,0
13,55,881,0,0,0
"first year teacher",4,881,1,1,0
6,69,910,0,1,0
12,72,825,0,0,1
8,3,916,0,0,1
15,36,950,0,0,0
13,8,923,1,1,0
5,39,933,0,0,1
21,23,902,0,0,1
1,16,848,1,0,1
7,36,906,1,0,0
12,10,883,1,1,1
13,37,993,1,0,0
3,56,814,0,0,0
10,18,857,0,1,1
3,56,836,0,1,0
13,38,863,0,1,1
14,52,971,1,0,0
20,17,900,1,0,0
13,55,1063,0,0,0
3,7,964,0,0,0
2,34,898,1,0,0
10,28,881,0,0,1
10,18,808,0,1,1
15,43,866,1,1,0
3,32,812,0,0,1
"first year teacher",31,884,0,0,1
12,63,898,0,0,0
9,3,903,1,1,1
11,15,919,0,0,1
16,68,986,0,1,0
12,51,914,0,0,1
12,10,857,0,1,0
18,52,1012,0,0,0
12,10,886,0,1,1
10,51,849,1,0,0
15,41,915,0,1,0
11,9,881,0,0,1
4,40,1044,1,1,1
13,55,996,0,1,0
4,7,820,1,0,1
11,51,981,0,1,0
16,22,943,0,1,1
9,65,1020,0,1,1
7,28,872,0,1,1
3,22,901,1,1,1
4,20,960,0,0,0
13,8,893,0,1,0
7,56,803,0,0,1
12,25,962,1,1,1
8,61,1017,0,0,0
13,24,936,1,0,0
11,64,921,0,0,0
12,12,992,0,0,1
11,47,898,1,1,0
1,33,844,1,1,1
6,71,978,0,1,0
14,9,949,0,1,0
16,72,870,1,1,0
"first year teacher",37,803,0,1,1
14,32,865,1,1,1
10,42,947,1,1,0
3,10,957,0,0,0
9,7,1046,0,1,1
13,8,836,0,0,1
12,20,870,0,0,0
9,3,1044,0,0,0
13,79,855,0,1,0
5,51,1253,0,0,0
3,15,945,0,0,1
8,74,992,0,0,0
13,50,976,0,1,0
4,48,946,0,0,1
3,28,889,1,1,1
17,2,864,0,0,0
18,52,994,0,0,0
13,67,867,0,1,1
1,23,935,0,0,1
3,75,960,1,1,0
8,5,852,0,0,1
"first year teacher",44,875,0,1,1
20,71,870,1,1,0
12,50,976,0,0,0
10,68,918,0,1,1
6,69,887,1,1,1
22,61,795,0,1,1
8,66,896,0,0,0
8,4,949,0,1,0
1,19,944,0,0,1
22,76,837,1,0,0
24,22,921,0,1,1
13,79,960,0,0,0
16,51,890,1,0,0
10,70,1030,0,0,0
5,24,865,1,0,0
11,60,820,1,1,0
13,38,1043,0,1,1
8,66,847,0,1,0
6,7,880,1,1,0
7,56,849,0,0,0
19,64,1067,1,0,0
8,5,917,0,0,0
14,74,1065,1,1,1
13,54,1038,0,0,0
8,16,855,0,0,1
12,20,837,0,1,0
10,72,954,0,0,1
17,16,873,0,0,1
9,49,970,0,0,0
8,68,881,1,0,1
12,25,952,1,0,1
7,4,816,0,0,1
15,21,872,0,1,0
8,59,905,0,1,0
8,59,885,0,0,1
20,23,1092,0,0,0
10,27,994,0,0,1
1,22,848,0,1,1
12,35,828,0,1,1
5,28,864,0,1,1
8,61,965,0,1,0
"first year teacher",37,895,0,0,1
6,28,967,1,1,0
8,41,888,1,0,0
6,33,785,0,0,1
2,30,1026,1,1,1
17,2,904,0,0,0
3,10,950,0,0,0
5,29,952,0,0,1
8,58,1008,1,0,0
12,79,880,0,1,1
5,1,911,0,0,0
2,40,1054,0,0,1
11,23,1070,1,1,0
12,20,949,0,0,1
10,72,936,0,0,0
9,53,931,0,0,1
24,44,924,0,0,1
8,5,828,0,0,0
5,35,920,1,0,0
10,63,1044,0,0,0
21,20,1051,1,0,0
5,29,999,1,1,1
1,23,953,0,0,1
8,9,956,0,1,0
10,51,1074,1,1,0
2,40,914,0,0,1
15,43,912,1,0,0
11,9,997,0,1,0
11,27,996,1,0,1
17,36,865,1,1,0
15,41,965,0,0,0
11,75,823,0,1,1
19,64,976,1,0,0
15,43,785,1,1,1
12,20,907,0,0,0
16,72,991,1,1,0
6,62,906,1,0,0
13,37,947,1,0,0
5,58,992,1,1,0
6,19,892,1,1,1
8,68,949,1,1,0
2,34,923,1,0,0
12,50,1027,0,0,0
3,45,815,1,1,1
14,73,966,0,0,0
8,41,945,1,1,0
10,1,907,0,1,0
6,50,953,1,0,1
15,65,864,1,0,1
6,16,785,0,1,1
5,64,887,0,1,0
15,26,815,0,0,1
6,26,922,0,1,1
8,78,826,0,1,0
"first year teacher",67,892,0,1,1
1,26,787,1,1,1
3,56,886,0,0,0
15,41,952,0,1,0
"first year teacher",4,935,1,0,0
9,65,911,0,0,0
13,48,914,0,1,1
6,69,1056,1,0,0
13,11,1057,0,0,0
6,19,956,1,1,0
10,68,877,0,1,1
13,76,851,0,1,0
6,71,1019,1,1,0
9,3,881,0,0,0
5,51,931,0,0,0
4,13,926,1,0,1
12,45,839,0,0,1
8,57,833,0,1,0
27,70,842,0,1,1
13,38,855,0,0,1
12,79,970,0,0,0
1,26,869,1,1,1
8,57,896,1,1,0
14,32,831,1,1,1
17,29,927,0,0,1
11,27,893,1,0,1
8,4,866,0,0,0
3,32,742,0,1,1
20,3,952,0,0,0
7,63,1136,0,0,0
3,7,826,0,0,1
5,34,931,0,1,0
13,8,877,0,0,0
4,13,1206,1,1,0
3,58,851,0,0,0
13,76,953,0,0,0
4,13,937,1,0,1
14,9,933,1,1,1
1,37,832,1,1,1
6,71,859,1,0,0
1,73,861,1,0,1
4,62,807,0,0,1
21,15,857,1,0,1
3,22,1073,1,0,1
3,22,1079,1,0,1
6,71,934,0,0,0
15,26,882,0,0,0
2,76,1043,0,0,0
22,76,957,1,1,0
15,51,992,1,0,0
8,5,1094,1,0,0
8,57,900,0,0,0
12,50,1024,0,1,0
8,74,1007,0,1,0
15,26,946,0,1,1
13,56,770,0,1,1
6,71,816,0,0,1
3,53,859,0,1,0
1,21,948,0,1,0
7,54,924,0,0,0
6,33,727,0,1,1
12,10,1015,1,0,0
6,31,925,1,1,1
"first year teacher",37,900,0,0,0
11,64,1073,0,0,0
8,16,862,0,1,1
5,29,859,0,0,1
16,62,834,0,1,1
14,21,928,1,1,0
14,42,1066,0,0,0
13,37,987,1,0,0
11,11,956,0,1,0
9,1,933,0,1,0
2,32,952,0,1,1
"first year teacher",27,870,0,1,1
13,67,931,0,1,0
8,59,878,0,0,0
15,21,957,0,0,1
8,5,870,0,0,1
9,3,874,1,1,0
16,69,979,0,1,0
1,76,873,0,1,0
6,69,884,1,1,1
7,4,877,0,1,0
3,42,939,0,1,0
19,64,961,1,1,0
5,33,931,0,1,1
5,51,1108,0,0,0
8,5,841,0,1,0
13,9,989,1,1,1
7,22,971,0,0,1
19,73,1053,0,1,1
21,56,1253,1,0,0
14,33,854,1,1,1
13,66,854,0,1,1
3,7,954,0,0,0
10,70,881,0,0,1
12,35,876,0,1,0
8,3,877,0,0,1
12,2,809,1,0,1
21,20,989,1,1,1
13,79,1042,0,1,0
14,9,909,0,1,0
12,50,1086,1,0,0
3,58,934,0,0,0
3,58,950,0,0,0
21,15,934,1,0,1
1,14,900,0,0,1
11,11,921,0,1,0
10,18,785,1,1,1
18,41,962,1,0,0
7,63,938,0,0,0
3,58,1007,0,0,0
8,78,896,0,0,0
20,64,799,0,0,1
"first year teacher",59,954,0,0,0
1,21,989,0,1,1
1,60,1105,1,0,0
1,14,870,0,1,1
12,34,881,1,1,1
10,30,921,0,0,0
6,19,866,0,1,1
21,23,1073,0,1,0
8,5,881,0,0,1
20,27,924,0,1,1
11,51,912,0,1,0
6,71,981,1,0,1
21,56,1033,1,0,1
5,21,991,0,1,1
18,25,866,0,1,0
10,28,849,0,1,1
6,26,852,0,1,1
7,56,781,0,0,1
6,27,1031,0,1,1
2,34,914,1,1,1
6,19,798,0,1,1
13,54,934,0,0,1
5,29,943,1,1,1
12,35,928,0,0,0
6,71,862,1,1,0
16,41,907,0,1,0
11,37,908,0,0,0
17,16,920,0,0,1
24,30,1140,0,0,1
8,9,874,0,1,0
8,78,943,0,0,0
5,17,1017,1,1,0
19,64,1139,1,0,0
13,74,902,0,0,0
12,8,975,0,1,1
13,66,884,0,0,1
8,61,861,0,0,0
2,39,927,1,1,1
9,53,908,1,1,1
12,50,899,1,0,1
12,27,1024,0,0,1
12,8,842,0,0,1
9,3,847,0,1,1
15,7,925,0,1,1
8,38,973,0,1,1
8,66,858,0,1,0
14,59,1028,1,0,0
8,5,925,0,1,0
21,15,911,1,0,0
1,14,939,0,1,0
6,24,809,0,0,1
5,79,918,1,0,0
2,16,870,1,0,1
11,6,883,0,1,1
7,56,823,0,1,0
12,34,930,1,0,1
10,18,862,0,0,1
8,58,976,1,1,0
2,19,825,1,0,1
8,16,821,0,1,1
3,43,906,0,0,0
13,48,1043,0,0,0
13,55,794,0,1,1
13,56,796,0,0,0
14,70,972,0,1,0
2,40,862,0,1,1
3,10,1048,0,0,0
7,22,870,0,1,1
3,28,897,1,0,1
16,62,978,0,1,0
13,8,908,1,0,0
13,66,952,0,0,0
13,75,1018,0,0,0
21,15,873,1,1,1
12,8,898,0,1,1
8,9,933,0,0,0
5,29,880,1,0,1
5,29,993,1,0,0
19,73,1022,0,1,1
2,28,812,1,0,1
"first year teacher",23,978,1,0,1
13,75,1052,0,0,0
"first year teacher",59,949,0,1,0
8,57,945,0,0,0
7,61,908,1,1,0
8,5,840,0,0,1
4,20,878,0,0,1
10,72,873,0,1,1
10,27,934,0,0,1
2,25,921,0,0,1
12,25,872,1,0,1
7,63,981,1,1,1
12,15,926,1,1,1
12,8,915,0,1,1
16,68,1069,0,0,0
20,23,1164,0,0,0
24,30,1066,0,1,1
14,52,891,1,0,1
8,28,912,1,0,0
15,41,1056,0,0,0
6,27,1063,0,0,1
3,58,889,0,1,0
1,16,851,1,1,1
1,22,858,0,0,1
22,76,829,1,0,0
13,8,834,1,1,0
13,51,980,0,0,0
2,19,939,1,1,1
20,12,896,0,0,1
10,66,900,1,1,0
15,43,888,1,0,1
14,36,947,0,1,0
7,63,984,1,0,0
"first year teacher",46,848,0,0,0
7,28,1148,0,0,1
12,15,899,1,0,1
2,32,826,0,0,1
15,36,983,0,0,0
16,51,960,1,0,0
1,26,901,1,1,1
11,27,896,1,1,1
17,2,863,0,1,1
24,30,1069,0,0,1
12,35,883,0,1,0
10,72,899,0,0,1
12,79,941,1,0,1
13,14,861,1,1,1
6,63,950,0,0,0
24,44,973,0,1,0
1,14,928,0,0,1
21,40,963,0,1,1
13,11,851,0,1,1
"first year teacher",44,888,0,1,0
1,33,901,1,0,1
8,76,878,1,0,0
1,22,949,0,0,1
4,48,942,0,0,0
7,36,1043,1,1,0
6,13,980,0,0,0
8,5,866,0,1,0
10,1,881,0,0,0
2,40,986,0,1,1
12,8,886,0,1,1
5,28,905,0,1,1
1,6,861,0,0,1
11,45,795,0,0,1
13,76,1065,0,0,0
6,69,975,0,0,0
5,9,944,0,0,0
1,19,976,0,1,1
12,46,1004,0,0,0
4,20,876,0,0,1
5,39,959,0,1,1
11,75,927,0,1,0
7,56,857,0,0,0
"first year teacher",59,1010,0,0,0
11,23,900,1,0,1
15,66,949,1,1,1
9,18,846,0,1,0
2,39,973,1,0,0
13,24,889,1,0,0
12,51,960,0,0,1
15,26,856,0,0,1
15,47,1139,0,0,0
4,39,939,0,1,1
15,36,932,0,0,0
11,11,1005,0,0,1
22,33,884,0,0,1
5,47,912,0,1,0
12,10,1082,1,1,0
11,11,1012,1,1,0
13,38,832,0,1,1
8,8,921,1,0,0
6,28,943,1,1,1
10,68,937,0,0,0
7,4,848,0,1,0
4,63,1072,1,1,0
13,74,895,0,1,0
9,3,945,0,0,1
"first year teacher",27,933,0,0,1
12,10,889,0,1,0
11,11,1043,0,1,0
12,54,918,1,0,0
13,55,841,0,0,0
13,51,945,0,0,0
5,47,916,0,0,0
15,51,1144,1,1,0
13,54,998,0,0,0
3,10,948,0,1,0
11,45,796,0,1,1
20,64,980,0,0,0
2,32,931,0,0,1
11,51,939,0,0,0
1,21,963,0,0,0
12,27,882,0,0,1
14,1,971,1,1,0
13,56,849,0,1,0
17,36,873,1,0,1
2,71,871,0,1,1
3,10,923,0,1,0
4,39,962,0,0,1
14,74,1043,1,0,0
13,8,948,0,0,0
3,56,814,0,1,0
9,28,891,0,1,1
17,16,868,0,1,1
20,3,933,0,0,0
17,34,875,0,1,0
17,43,964,0,0,0
13,51,890,0,1,1
7,63,1073,0,1,0
6,71,933,0,1,0
15,55,829,1,0,0
6,50,957,1,0,1
7,36,967,1,0,0
17,58,912,0,1,0
9,1,847,0,1,1
13,54,916,0,1,0
5,64,884,0,1,1
3,44,1068,1,0,1
8,5,880,0,1,0
8,38,852,0,0,1
5,37,980,0,1,1
"first year teacher",19,1006,0,1,1
12,2,831,1,1,1
10,42,953,1,0,0
10,30,1072,0,1,1
12,20,825,0,1,1
17,34,902,0,1,0
5,21,846,0,1,0
4,63,992,1,1,1
12,79,965,0,1,0
15,36,823,0,1,1
7,28,896,0,1,1
3,32,779,0,1,1
12,8,930,0,0,1
13,74,904,0,0,0
11,64,944,0,0,0
11,11,1098,1,0,1
1,33,839,1,1,1
15,47,987,0,1,0
18,25,903,0,1,1
4,80,870,0,1,1
13,50,895,0,1,1
13,55,921,0,1,0
5,17,820,1,0,0
1,16,967,1,0,1
5,1,950,0,1,0
12,8,919,0,0,0
13,56,816,0,1,1
11,37,1007,0,1,1
9,7,989,0,1,1
11,47,859,1,0,0
13,37,1074,1,0,0
6,13,913,0,1,1
8,8,906,1,1,0
10,66,888,1,1,0
21,48,952,1,0,0
5,24,970,1,0,0
6,27,842,0,0,1
3,78,917,0,0,0
8,5,886,0,1,0
14,1,1008,1,0,0
10,1,871,0,0,0
5,1,942,0,1,1
14,36,936,0,1,0
9,18,961,0,1,0
12,20,891,0,1,0
10,18,847,1,1,1
13,8,928,0,1,0
4,62,885,0,0,0
9,1,953,0,1,0
5,47,922,0,0,0
6,63,971,0,0,0
2,73,909,1,1,1
3,58,971,0,1,0
12,65,949,0,1,1
12,35,796,0,1,1
18,52,1015,0,0,0
13,80,902,0,0,0
12,34,802,1,0,1
1,16,933,1,0,1
14,59,1000,1,0,1
3,32,777,0,1,1
2,25,883,0,0,1
11,31,976,0,1,1
11,75,887,0,1,0
15,51,976,1,0,1
9,3,951,1,1,1
15,51,1047,1,0,0
12,10,1073,1,1,0
6,13,940,0,0,1
8,78,868,1,0,1
13,60,889,0,0,0
8,41,921,1,1,0
9,18,871,0,1,0
3,7,816,0,0,1
20,12,1015,0,1,0
2,39,883,1,0,1
8,66,886,0,1,0
6,31,896,1,1,1
18,25,981,0,0,1
12,72,867,0,1,1
9,7,961,0,0,1
16,22,868,0,0,1
"first year teacher",31,841,0,1,1
12,54,845,1,1,0
21,56,860,1,1,0
3,44,920,1,0,0
6,50,747,1,0,1
11,15,952,0,0,1
11,37,963,0,1,1
18,25,856,0,0,0
3,53,806,0,0,0
7,28,945,0,1,1
13,74,828,0,0,1
8,49,997,1,1,1
14,42,963,0,1,0
14,36,886,0,1,0
15,7,879,0,1,0
6,16,834,0,0,1
4,80,837,0,1,1
9,3,964,0,0,0
6,2,882,0,1,0
11,31,995,0,1,1
5,64,863,0,1,1
11,49,972,0,1,0
2,25,917,0,1,1
1,37,861,1,1,0
4,13,1024,1,1,0
8,72,972,0,0,0
8,4,923,0,0,0
5,60,918,0,1,1
8,5,831,0,1,1
12,52,1156,0,0,0
13,11,1105,0,1,0
13,66,879,0,1,0
6,26,897,0,0,1
12,79,903,1,1,0
"first year teacher",46,852,0,1,0
4,80,874,0,1,1
20,3,928,0,0,1
21,23,948,0,0,0
9,53,909,0,1,0
12,50,914,0,0,0
11,61,928,1,1,0
3,78,931,0,1,0
10,68,1090,0,1,0
8,4,869,0,0,0
11,64,1156,0,1,0
5,29,957,1,0,1
11,37,1019,0,0,0
17,2,873,0,1,1
15,66,919,1,1,0
1,23,948,0,0,1
2,32,868,0,1,1
2,32,825,0,0,1
20,17,924,1,0,0
10,51,926,1,1,0
6,71,842,0,0,0
14,59,990,1,1,0
17,43,919,0,1,0
"first year teacher",44,865,0,0,1
16,69,949,0,1,0
6,63,858,0,0,0
11,23,1014,1,1,0
21,56,955,1,1,1
12,8,877,0,0,1
11,6,996,0,0,1
"first year teacher",67,900,0,1,1
8,74,978,0,1,1
1,37,981,1,0,0
18,52,896,0,0,0
12,46,916,0,0,0
2,71,923,0,0,0
6,39,805,1,1,1
6,26,873,0,1,1
9,28,862,0,0,0
19,64,886,1,1,1
1,23,944,0,0,1
3,32,780,0,1,1
15,26,812,0,0,0
2,32,913,0,0,1
3,32,808,0,1,1
12,35,898,0,0,1
"first year teacher",4,846,1,0,0
15,26,923,0,0,1
13,55,944,0,1,1
13,50,878,0,1,0
16,72,1010,1,1,1
19,73,1140,0,0,0
13,66,1042,0,0,0
7,63,1048,1,0,0
12,2,841,1,1,1
3,66,863,0,1,0
8,38,1156,0,1,0
"first year teacher",23,1007,1,1,0
3,56,857,0,0,1
16,22,895,0,0,1
10,28,848,0,1,1
8,38,821,0,1,1
1,37,874,1,1,0
12,12,914,0,0,0
24,44,998,0,0,1
15,21,924,0,1,1
8,49,978,1,0,0
3,32,886,0,1,1
12,25,950,1,0,1
12,27,1019,0,1,1
6,26,919,0,0,1
5,37,892,0,1,0
3,15,887,0,1,1
1,19,829,0,1,1
11,22,826,0,0,1
7,63,939,0,0,0
16,22,923,0,0,0
13,8,944,0,1,0
9,3,846,0,0,0
8,8,953,1,0,0
6,13,1052,0,1,0
13,55,947,0,0,1
12,34,969,1,0,0
1,19,869,0,1,1
4,7,1031,1,0,0
5,35,885,1,1,1
2,19,878,1,0,1
3,58,914,0,0,0
20,3,923,0,0,1
14,36,941,0,1,0
12,74,861,1,1,1
14,32,815,1,1,1
27,70,969,0,0,1
7,28,943,0,0,1
4,39,929,0,0,1
24,30,1071,0,0,1
8,16,834,0,1,1
9,18,816,0,1,1
15,70,1015,1,1,1
8,78,1010,1,1,0
6,33,752,0,1,1
8,5,929,1,0,0
12,79,886,0,0,0
12,45,790,0,1,1
14,9,944,0,0,1
9,18,918,0,1,0
6,13,1022,0,0,0
5,79,917,1,0,1
11,22,962,0,0,1
5,29,1031,1,0,1
16,51,1019,1,0,0
8,70,802,1,0,0
10,18,910,0,0,1
"first year teacher",19,979,0,1,1
11,51,902,0,1,0
8,58,978,1,0,0
12,6,863,1,0,1
6,63,954,0,0,1
16,69,940,0,0,1
16,41,981,0,1,0
5,33,864,0,0,1
14,70,872,0,1,1
8,17,942,0,0,0
12,12,949,0,1,0
13,56,876,0,0,0
8,9,917,0,0,0
3,53,876,0,0,1
11,45,783,0,0,1
3,15,934,0,1,1
13,54,994,0,0,0
15,47,925,0,1,0
8,78,883,0,1,1
10,24,834,0,0,1
"first year teacher",27,874,0,1,1
3,7,870,0,1,0
7,4,846,0,1,1
20,27,874,0,1,1
21,40,941,0,0,0
1,33,833,1,1,1
14,42,1027,0,1,0
14,33,887,1,0,1
3,15,908,0,0,1
10,63,1037,0,0,0
6,13,931,0,1,0
11,64,919,0,0,0
6,68,1018,1,0,0
14,70,880,0,0,1
1,20,846,0,1,0
6,16,802,0,1,0
18,41,940,1,0,0
17,58,939,0,0,0
"first year teacher",46,926,0,1,0
8,57,929,0,1,0
11,6,948,0,0,0
7,61,894,1,0,0
15,41,964,0,1,0
9,65,918,0,1,0
1,21,923,0,1,1
11,6,873,0,1,0
2,19,911,1,1,1
1,32,856,1,1,1
4,80,1102,0,0,0
10,18,846,0,0,1
11,15,872,0,0,1
5,34,885,0,1,0
12,79,921,0,1,0
6,7,922,1,1,0
12,34,876,1,0,0
9,28,911,0,0,1
7,4,912,0,0,0
16,22,901,0,0,1
6,63,888,0,1,0
4,62,875,0,0,1
17,34,950,0,0,0
2,25,899,0,1,1
15,7,988,0,0,0
9,18,852,0,1,0
"first year teacher",67,1171,0,0,0
14,33,915,1,0,1
20,3,989,0,1,0
5,51,808,0,0,0
16,41,979,0,0,1
2,19,862,1,0,1
9,1,954,0,1,0
14,32,909,1,1,1
13,79,947,0,1,0
20,17,902,1,0,0
5,64,915,0,1,0
14,70,862,0,0,1
2,28,862,1,1,1
1,6,929,0,0,0
16,62,911,0,1,0
16,69,987,0,0,1
12,25,986,1,1,0
10,27,879,0,0,1
5,51,905,0,1,0
9,18,920,0,0,0
2,40,1017,0,0,1
3,32,798,0,0,1
20,17,942,1,0,0
8,57,882,0,1,0
13,51,895,0,0,0
14,9,982,0,1,0
2,39,832,1,1,1
12,80,1046,1,0,0
12,27,997,0,0,1
11,9,911,0,0,0
6,13,895,0,0,0
8,74,895,0,1,0
5,39,879,0,1,1
1,20,857,0,1,1
12,65,950,0,0,0
6,2,837,0,1,1
2,16,845,1,0,1
14,33,894,1,0,1
8,38,940,0,1,1
2,25,1006,0,0,0
12,20,877,0,0,1
6,28,922,1,1,1
13,56,881,0,0,1
12,27,1003,0,1,1
9,18,917,0,0,0
3,58,925,0,1,0
13,8,900,0,1,0
2,73,915,1,0,0
11,11,871,0,0,1
8,5,863,0,1,1
8,66,952,0,0,0
14,70,906,0,1,1
17,29,877,0,1,1
6,16,851,0,0,1
12,63,917,0,1,1
10,72,993,0,1,1
10,68,971,0,1,0
10,51,945,1,1,0
8,3,908,0,1,0
16,41,1171,0,1,0
15,7,1051,0,0,0
6,24,971,0,1,0
14,74,852,1,0,1
9,28,894,0,1,1
6,71,889,0,1,0
9,53,902,1,0,1
13,8,889,0,0,1
9,3,867,0,0,1
13,48,887,0,1,0
2,30,998,1,1,0
17,43,910,0,0,0
9,65,1031,0,0,0
"first year teacher",46,950,0,0,0
11,22,951,0,1,1
1,33,907,1,0,1
12,12,901,0,0,1
8,3,990,0,1,0
5,58,928,1,1,0
20,23,1106,0,0,0
12,52,1002,0,1,0
11,9,898,0,1,0
4,63,1083,1,0,0
"first year teacher",32,851,0,1,1
8,9,905,0,1,0
6,26,845,0,1,1
4,63,996,1,0,0
8,16,783,0,1,1
8,66,904,0,1,1
19,64,909,1,1,1
15,70,955,1,1,1
7,63,832,0,1,0
1,26,913,1,1,0
"first year teacher",37,826,0,1,0
13,9,872,1,1,1
13,50,869,0,1,1
8,28,855,1,1,1
8,76,852,1,1,1
11,11,1028,1,1,0
8,61,948,0,0,0
6,16,881,0,1,1
16,51,1032,1,1,0
12,2,876,1,0,0
19,73,967,0,0,1
20,27,933,0,1,1
13,55,856,0,1,0
1,27,927,1,0,1
"first year teacher",7,1014,0,0,0
7,54,928,0,0,0
5,17,942,1,0,0
8,8,896,1,0,0
3,53,835,0,0,0
15,66,904,1,0,0
12,54,948,1,1,0
13,79,911,0,1,0
13,37,879,1,1,0
16,68,1004,0,0,0
8,3,922,0,1,0
"first year teacher",31,888,0,1,1
13,79,887,0,1,0
14,1,1032,1,1,0
12,45,825,0,1,1
"first year teacher",31,947,0,1,1
13,8,881,0,1,1
1,21,864,0,1,1
14,70,993,0,0,0
5,58,927,1,1,0
19,64,898,1,0,1
10,27,1034,0,0,1
5,79,816,1,1,1
17,34,907,0,0,0
5,35,916,1,1,0
15,47,979,0,1,0
21,40,913,0,0,1
5,64,951,0,0,0
2,16,934,1,0,1
5,67,1021,1,0,1
1,19,905,0,1,1
21,20,916,1,0,1
2,32,846,0,1,1
12,10,937,1,0,0
6,68,1017,1,1,0
13,37,956,1,0,0
16,41,907,0,1,0
3,44,949,1,0,1
21,56,807,1,0,1
4,80,878,0,1,0
6,28,943,1,0,1
14,33,874,1,1,0
13,80,825,0,1,1
3,22,1124,1,0,0
21,23,1015,0,1,0
11,45,773,0,1,1
1,19,915,0,1,1
11,31,807,0,0,1
17,29,934,0,1,1
9,22,901,1,1,1
6,71,847,1,1,0
12,74,933,1,1,0
"first year teacher",37,906,0,1,0
22,76,937,1,0,0
13,74,797,0,1,1
11,37,900,0,1,0
15,36,932,0,1,0
1,57,991,1,1,1
11,11,1024,0,0,0
11,61,1041,1,1,0
22,33,928,0,0,1
9,65,1181,0,1,0
17,48,1046,1,1,0
21,23,942,0,1,0
"first year teacher",43,914,1,1,0
27,70,898,0,1,1
5,33,889,0,1,1
14,1,1046,1,0,0
18,52,927,0,1,0
12,8,978,0,0,0
21,15,872,1,0,1
13,60,898,0,1,1
15,55,887,1,1,1
12,45,796,0,1,1
6,69,909,0,1,0
3,78,831,0,1,0
9,18,813,0,1,1
6,31,1019,1,0,1
2,73,882,1,0,1
5,67,933,1,1,0
12,50,962,1,1,1
9,7,1116,0,1,0
7,22,831,0,1,1
1,57,868,1,0,0
5,1,998,0,0,0
12,10,1032,0,1,0
3,32,817,0,1,1
6,69,1109,1,1,0
2,30,994,1,0,0
20,27,839,0,0,1
14,42,768,0,1,0
14,33,857,1,1,1
8,78,810,0,1,0
11,18,859,0,0,1
9,49,920,0,0,1
3,43,896,0,1,0
4,80,963,0,0,0
8,16,930,0,0,1
13,67,986,0,0,0
13,54,968,0,1,0
14,9,1253,1,1,0
7,4,842,0,0,0
22,76,914,1,0,0
20,23,958,0,1,1
8,58,963,1,0,0
1,19,873,0,0,1
12,35,894,0,0,0
3,28,1078,1,0,1
12,52,854,0,0,0
19,64,914,1,0,0
2,40,1071,0,0,1
9,22,907,1,0,1
8,3,951,0,0,0
14,32,965,1,0,1
6,26,889,0,1,1
11,51,841,0,0,0
5,24,906,1,1,1
20,71,859,1,1,0
6,62,918,1,1,0
10,28,933,0,1,1
11,11,969,1,0,1
1,20,991,0,0,0
6,72,1073,1,0,1
14,21,951,1,0,0
17,58,1010,0,1,0
8,17,899,0,0,1
9,18,920,0,1,0
12,8,920,0,0,1
6,71,924,0,1,0
1,14,824,0,1,1
11,15,883,0,1,1
8,17,938,0,1,0
5,29,864,1,1,1
13,50,913,0,1,1
15,36,921,0,0,0
11,75,1034,0,1,0
13,76,1019,0,0,0
8,72,1033,0,0,0
10,63,961,0,1,0
8,5,858,0,0,1
12,54,954,1,0,0
12,20,888,0,1,0
13,50,839,0,0,1
8,5,836,0,0,1
8,28,1076,1,0,0
10,72,942,0,1,0
12,35,861,0,1,1
11,27,950,1,1,1
10,30,1014,0,0,1
11,51,975,0,1,0
"first year teacher",23,1048,1,1,0
5,60,934,0,0,1
12,74,900,1,0,0
8,72,956,0,0,1
5,33,857,0,1,1
9,53,918,0,0,0
6,26,890,0,0,1
7,54,949,0,1,0
6,27,984,0,1,1
14,74,1078,1,1,0
11,47,971,1,0,0
8,57,871,1,0,0
24,30,1062,0,0,1
5,37,891,0,1,1
1,32,887,1,0,1
20,23,988,0,0,0
12,54,918,1,1,1
15,51,955,1,1,0
13,55,864,0,1,0
5,58,970,1,1,0
4,39,1229,0,0,0
6,19,936,0,0,1
6,27,968,0,0,1
18,52,919,0,0,0
8,16,804,0,1,1
20,12,909,0,0,1
3,56,822,1,1,1
10,18,861,0,0,0
11,15,934,0,1,1
2,28,931,1,0,0
16,68,1031,0,1,0
21,56,818,1,1,0
8,76,852,1,1,0
17,48,902,1,0,1
14,36,899,0,1,0
8,8,949,1,0,0
6,13,1116,0,0,1
12,51,955,0,1,0
9,49,952,0,1,0
13,38,802,0,1,1
12,51,939,0,1,0
11,51,949,0,0,0
8,17,902,0,0,1
14,33,936,1,1,1
18,52,1006,0,0,0
8,76,914,1,1,0
11,75,975,0,0,0
8,4,856,0,1,1
6,69,949,0,0,0
"first year teacher",17,956,0,0,0
2,39,931,1,0,0
8,16,834,0,0,1
10,72,948,0,1,1
10,72,915,0,1,1
10,72,850,0,0,0
10,24,898,0,0,1
12,25,878,1,0,0
5,35,1006,1,1,0
1,32,924,1,1,1
4,20,863,0,1,1
6,62,939,1,0,0
5,79,844,1,1,1
16,41,1074,0,1,0
"first year teacher",7,1042,0,0,0
11,27,1036,1,0,0
2,57,886,0,0,0
10,3,936,1,0,1
6,31,899,1,0,1
8,66,856,0,0,0
"first year teacher",44,876,0,1,1
8,78,818,1,0,0
6,19,892,1,0,1
12,79,868,1,0,1
1,19,938,0,1,1
5,34,901,0,1,1
8,38,1007,1,0,0
10,28,884,0,0,1
4,80,976,0,0,0
17,48,1087,1,0,0
6,50,903,1,0,1
8,68,1008,1,0,1
12,51,899,0,1,0
13,8,951,0,0,0
2,71,844,0,1,1
3,66,849,0,1,1
10,68,1000,0,1,0
24,44,906,0,1,0
7,63,983,0,1,0
11,47,872,1,1,0
8,8,949,1,0,0
4,62,930,0,1,0
15,66,897,1,1,1
14,74,1133,1,1,0
7,63,1124,0,0,0
13,50,916,0,1,1
13,9,939,1,1,1
11,61,869,1,1,0
12,52,1101,0,0,0
10,18,873,0,1,1
10,24,868,0,1,0
13,8,947,0,1,0
16,68,1042,0,0,1
16,69,881,0,0,0
8,49,884,1,1,0
5,34,827,0,1,1
5,39,919,0,0,1
8,3,960,0,0,0
14,42,882,0,0,0
21,56,903,1,0,0
7,28,904,0,0,1
16,72,921,1,0,1
3,53,770,0,1,1
13,14,919,1,0,1
8,70,991,1,0,0
13,75,850,0,1,0
8,5,902,1,1,1
7,56,768,0,1,1
2,40,1073,0,0,0
8,66,870,0,0,1
6,7,927,1,1,0
19,64,907,1,1,0
19,64,878,1,0,1
6,27,971,0,1,1
3,44,857,1,1,1
9,3,934,1,0,1
1,20,826,0,1,1
9,22,1046,1,0,1
6,69,837,1,1,1
12,8,973,0,0,1
13,11,1104,0,1,0
11,37,868,0,1,1
18,25,841,0,1,0
12,79,1027,1,0,1
15,26,897,0,0,1
4,35,837,0,1,0
3,66,918,0,0,0
3,7,921,0,0,0
13,60,996,0,1,0
3,22,1164,1,0,1
1,37,956,1,0,0
12,46,936,0,1,0
5,47,865,0,1,1
20,3,901,0,0,1
9,65,936,0,1,0
20,17,911,1,0,0
13,37,966,1,0,0
6,63,878,0,1,1
12,79,852,1,0,1
17,29,912,0,1,1
8,70,1031,1,0,0
13,48,870,0,1,0
16,72,896,1,0,1
17,36,1090,1,0,0
12,50,984,1,1,0
6,71,918,0,1,0
12,10,962,0,0,0
3,66,829,0,0,0
6,71,939,1,0,0
15,43,1030,1,1,0
"first year teacher",59,955,0,0,0
2,32,870,0,1,1
11,15,839,0,0,1
5,33,943,0,0,1
21,20,1004,1,1,0
4,40,911,1,0,0
14,32,831,1,0,1
11,47,842,1,0,1
8,4,892,0,1,0
8,17,907,0,0,1
15,7,954,0,1,0
1,57,887,1,1,0
5,29,999,1,0,1
11,18,867,0,0,1
17,58,970,0,1,0
11,59,811,1,1,1
9,18,860,0,1,0
13,50,1034,0,1,1
9,49,902,0,0,1
4,48,971,0,0,1
12,79,973,0,0,0
8,16,820,0,1,1
5,9,939,0,0,0
6,19,951,0,1,0
6,68,961,1,0,0
8,57,873,1,1,0
12,25,839,1,1,1
13,51,957,0,1,1
6,13,956,0,1,0
4,40,937,1,1,1
"first year teacher",4,901,1,0,1
1,27,897,1,1,1
8,78,849,0,1,0
12,15,900,1,1,1
12,46,906,0,1,0
20,71,952,1,0,0
12,79,848,1,1,1
12,35,847,0,1,1
9,22,947,1,0,0
6,31,937,1,1,1
13,51,924,0,1,0
15,21,929,0,0,0
3,7,906,0,1,1
"first year teacher",31,805,0,0,1
15,7,1054,0,0,0
"first year teacher",46,886,0,1,0
6,13,962,0,0,1
3,44,993,1,0,1
8,4,939,0,0,1
22,33,855,0,1,1
17,34,836,0,0,0
7,63,907,1,0,1
12,51,906,0,0,1
8,8,997,1,1,0
9,3,908,1,0,0
12,2,834,1,0,0
5,64,877,0,0,1
10,1,894,0,0,0
1,33,882,1,1,1
7,28,960,0,0,1
13,80,927,0,1,0
8,74,1141,0,1,0
2,73,848,1,0,0
6,2,861,0,0,1
9,22,824,1,1,1
5,34,931,0,1,0
2,71,905,0,0,0
11,75,887,0,0,0
3,53,849,0,1,0
17,43,871,0,1,0
4,20,1010,0,1,0
2,16,948,1,1,1
"first year teacher",4,890,1,0,0
3,58,1106,0,1,0
8,5,891,0,0,0
11,59,847,1,0,1
12,46,956,0,1,0
13,76,962,0,1,0
5,64,926,0,1,1
"first year teacher",32,875,0,0,1
2,19,844,1,1,1
11,75,908,0,0,0
16,68,1120,0,0,1
6,71,813,0,0,1
"first year teacher",32,850,0,1,1
13,56,807,0,0,1
5,39,862,0,1,1
4,39,889,0,1,1
18,52,969,0,0,0
"first year teacher",32,852,0,0,1
2,76,975,0,0,0
5,79,917,1,1,1
7,56,790,0,1,0
12,50,933,0,0,1
1,37,865,1,0,0
3,56,822,0,1,0
3,44,948,1,0,1
22,61,973,0,1,0
10,27,947,0,0,1
6,19,834,0,0,1
4,48,961,0,1,0
2,57,913,0,1,0
3,15,1015,0,0,1
10,1,868,0,1,1
6,13,1038,0,1,1
3,78,816,0,1,1
17,2,949,0,0,1
14,9,1050,0,0,0
12,8,926,0,1,0
17,29,952,0,1,1
2,32,869,0,0,1
5,1,818,0,0,1
12,80,969,1,1,1
1,26,911,1,0,1
11,64,871,0,0,0
"first year teacher",46,870,0,0,0
3,7,956,0,1,0
12,50,927,0,0,0
2,32,879,0,0,1
"first year teacher",7,946,0,1,1
10,18,894,0,1,1
19,73,967,0,1,1
4,63,957,1,1,0
1,60,932,1,0,1
9,12,981,1,1,1
6,62,973,1,1,0
20,64,1062,0,1,0
7,9,905,1,1,1
14,9,938,1,0,0
10,30,990,0,1,1
10,24,876,0,0,1
10,28,847,0,0,1
17,48,961,1,1,1
12,79,877,0,1,0
6,7,1003,1,0,0
3,58,1004,0,1,0
"first year teacher",44,886,0,0,1
3,7,870,0,0,1
16,41,1141,0,0,0
21,20,957,1,0,0
3,78,821,0,0,0
11,37,860,0,0,1
11,18,975,0,0,0
17,58,863,0,1,0
11,75,1060,0,1,0
15,47,917,0,0,1
6,24,865,0,1,1
6,13,1026,0,1,0
2,28,837,1,1,1
8,76,954,1,0,1
21,20,946,1,1,1
5,58,1027,1,1,0
"first year teacher",23,1077,1,0,1
1,37,881,1,1,1
5,28,837,0,1,1
15,70,841,1,1,1
20,27,962,0,0,0
11,11,1020,1,1,1
3,10,1062,0,0,0
20,23,1082,0,0,0
8,68,1181,1,1,1
3,75,1019,1,1,0
12,8,901,0,0,0
3,56,855,1,1,0
3,66,820,0,1,1
3,44,984,1,0,1
8,78,914,0,1,1
14,32,878,1,0,1
14,32,836,1,1,1
11,11,943,1,0,0
3,58,847,0,1,0
9,1,946,0,1,0
14,9,987,1,0,0
10,68,921,0,0,1
13,51,931,0,1,0
1,73,891,1,1,1
5,60,870,0,0,1
11,18,846,0,0,1
3,58,1000,0,0,0
13,38,920,0,0,0
3,75,913,1,1,1
9,18,868,0,1,0
8,78,934,1,1,0
"first year teacher",37,893,0,0,1
12,34,889,1,1,0
5,9,986,0,0,0
4,46,907,1,0,0
5,24,978,1,0,1
5,60,945,0,0,0
13,14,881,1,0,1
16,51,987,1,1,0
8,76,1011,1,0,1
2,32,850,0,0,1
17,2,863,0,0,1
5,58,925,1,0,0
14,9,777,0,0,1
12,51,1071,0,1,0
7,36,930,1,1,0
8,57,897,1,1,1
4,63,1068,1,0,0
4,62,924,0,1,0
13,60,837,0,1,1
4,40,1024,1,1,1
8,57,821,1,0,0
3,75,1031,1,0,0
8,9,891,0,0,1
24,22,953,0,0,1
6,27,917,0,0,1
1,19,990,0,0,1
20,64,919,0,1,0
1,26,884,1,0,1
4,13,942,1,0,0
3,44,879,1,1,1
8,74,881,0,0,1
1,23,1001,0,1,0
6,39,1089,1,1,0
3,45,800,1,0,1
6,27,943,0,1,1
2,39,894,1,1,1
8,17,837,0,1,1
27,70,877,0,1,0
9,53,862,1,1,0
18,25,863,0,0,0
6,72,902,1,1,1
4,62,885,0,1,1
27,40,910,1,0,1
13,56,844,0,1,1
1,33,853,1,1,1
"first year teacher",27,884,0,1,1
12,27,1019,0,0,1
8,49,1085,1,0,1
17,29,842,0,0,1
13,60,893,0,0,1
16,69,1020,0,1,1
17,58,978,0,0,0
"first year teacher",17,834,0,1,0
13,55,940,0,0,0
3,42,864,0,0,0
11,18,949,0,0,0
5,37,874,0,1,0
11,60,848,1,1,1
9,7,903,0,0,1
6,24,858,0,1,1
13,38,916,0,0,0
6,2,828,0,1,1
7,63,996,1,1,0
6,63,884,0,0,1
6,63,889,0,1,1
7,56,759,0,1,0
2,16,841,1,0,1
11,49,931,0,0,0
11,27,1020,1,0,1
24,30,1147,0,0,1
24,44,963,0,0,1
12,46,887,0,0,1
5,9,848,0,0,1
14,9,970,0,0,0
13,67,926,0,0,0
5,47,973,0,1,0
1,76,841,0,1,0
6,62,897,1,1,1
1,6,908,0,1,1
13,11,1120,0,0,0
9,12,947,1,0,1
4,63,1062,1,1,0
11,31,819,0,0,1
8,74,810,0,1,0
3,42,1191,0,1,0
10,3,1036,1,0,0
4,80,874,0,1,0
13,8,823,1,1,1
6,19,858,0,1,1
3,56,937,0,1,1
1,16,866,1,1,1
12,46,931,0,1,0
6,69,983,0,0,0
5,29,975,1,0,1
5,39,884,0,0,0
1,22,824,0,1,1
6,50,921,1,1,0
11,37,924,0,0,0
12,79,798,0,1,1
5,39,879,0,0,1
10,68,1007,0,1,1
12,74,1074,1,1,0
10,72,856,0,0,1
12,50,986,1,0,1
8,70,820,1,0,0
12,45,927,0,1,1
3,42,941,0,1,0
4,80,918,0,0,1
11,18,871,0,1,1
"first year teacher",17,969,0,0,0
7,9,944,1,0,1
8,8,881,1,0,0
21,40,908,0,0,1
24,22,1076,0,0,0
7,56,767,0,1,0
17,48,892,1,1,1
10,18,875,0,0,1
21,40,890,0,1,1
2,71,949,0,1,0
8,17,1059,0,0,1
12,63,907,0,1,0
2,16,876,1,1,1
"first year teacher",23,1015,1,1,0
15,70,999,1,0,0
5,9,1003,0,0,0
4,35,921,0,1,0
17,16,852,0,1,1
11,18,957,0,1,0
15,65,927,1,0,1
11,59,894,1,1,0
5,34,847,0,0,1
12,51,978,0,0,0
1,76,939,0,1,0
12,6,858,1,1,1
1,6,873,0,0,1
15,21,992,0,1,1
14,74,1070,1,1,0
15,7,1044,0,1,0
6,68,932,1,1,0
6,26,892,0,1,0
21,48,821,1,0,1
1,23,986,0,0,0
14,1,973,1,0,0
3,7,902,0,1,0
2,71,856,0,1,0
1,14,856,0,1,1
13,38,949,0,0,1
11,61,784,1,1,0
3,56,809,1,0,0
8,5,815,0,1,0
11,64,862,0,1,1
13,48,948,0,0,1
15,47,842,0,0,1
6,31,970,1,1,1
12,10,887,0,0,1
1,60,986,1,0,0
13,37,931,1,0,0
14,70,997,0,0,0
11,9,997,0,0,0
24,30,1171,0,0,1
14,52,1021,1,0,0
22,61,869,0,0,0
20,23,1092,0,0,1
"first year teacher",7,990,0,1,1
9,53,920,0,1,1
5,58,963,1,1,0
13,51,1005,0,0,0
7,28,816,0,0,1
6,16,833,0,0,0
15,51,1074,1,1,0
12,52,941,0,1,0
11,22,979,0,0,1
22,76,887,1,1,0
5,35,832,1,1,1
2,76,906,0,0,0
8,5,780,0,1,1
21,20,857,1,1,1
"first year teacher",7,928,0,0,1
1,14,874,0,0,1
13,56,815,0,0,0
15,65,946,1,1,0
2,25,959,0,1,0
13,80,870,0,0,0
13,51,1024,0,1,0
13,55,947,0,1,0
10,3,944,1,1,1
13,37,975,1,1,0
21,48,924,1,1,1
8,57,800,0,0,0
8,61,819,0,0,1
11,37,957,0,0,0
5,51,899,0,1,0
21,56,789,1,1,0
10,70,949,0,0,0
2,25,920,0,0,1
15,21,981,0,1,0
"first year teacher",17,954,0,0,0
16,68,945,0,1,1
1,23,929,0,0,0
3,66,852,0,0,0
17,16,842,0,0,1
6,27,857,0,0,1
5,29,842,0,0,1
9,3,897,0,1,1
11,22,829,0,0,1
13,48,922,0,0,0
11,11,945,0,1,1
12,50,924,0,0,1
2,57,929,0,1,0
6,39,900,1,1,0
13,50,950,0,1,0
14,73,946,0,1,0
8,78,898,0,1,0
7,61,971,1,0,0
10,3,886,1,0,0
5,60,848,0,1,1
3,58,1014,0,1,0
13,55,879,0,0,0
6,27,1039,0,0,1
11,11,989,1,0,0
15,70,847,1,1,0
8,57,879,0,1,0
14,73,883,0,0,1
12,35,910,0,1,1
6,26,846,0,1,1
13,55,872,0,1,0
14,70,981,0,0,1
17,29,894,0,1,1
7,22,936,0,1,1
13,75,856,0,1,1
2,40,1005,0,0,1
8,74,970,0,1,0
4,35,768,0,1,0
8,70,907,1,1,1
10,72,881,0,1,1
12,35,852,0,0,0
22,61,967,0,0,1
6,71,902,0,1,0
24,44,989,0,0,1
3,7,1044,0,1,0
13,79,1108,0,0,0
24,22,970,0,1,1
6,71,876,1,1,0
12,35,927,0,0,0
2,25,928,0,0,1
12,51,1009,0,1,0
12,10,1010,1,1,0
12,25,837,1,1,1
13,14,849,1,1,1
9,18,953,0,0,0
17,58,894,0,1,0
13,56,816,0,1,0
13,37,966,1,0,0
11,15,828,0,1,1
1,22,888,0,1,1
14,1,1000,1,1,1
1,22,934,0,1,1
4,40,1123,1,1,0
12,52,917,0,0,0
12,65,980,0,0,0
7,54,1156,0,1,0
5,33,950,0,0,1
2,34,839,1,1,0
14,21,971,1,1,0
10,18,873,1,0,1
1,60,929,1,1,0
5,47,859,0,1,1
2,19,939,1,0,0
20,17,1093,1,0,0
2,25,897,0,1,1
13,75,1005,0,1,0
1,76,859,0,1,0
11,49,884,0,1,1
11,49,945,0,1,0
5,34,881,0,1,0
13,66,919,0,1,0
4,39,875,0,0,0
9,53,815,1,1,1
3,44,1027,1,0,1
20,27,997,0,1,0
10,70,898,0,1,1
20,12,893,0,0,1
22,61,862,0,0,0
11,45,802,0,1,1
8,41,940,1,1,0
9,12,793,1,0,1
22,61,895,0,1,0
2,32,989,0,0,1
"first year teacher",59,945,0,1,0
"first year teacher",4,957,1,1,0
21,20,960,1,0,0
3,10,961,0,0,0
15,70,917,1,0,1
9,53,864,0,1,0
11,31,900,0,1,1
1,22,808,0,1,1
12,45,809,0,1,1
24,44,962,0,0,1
5,37,871,0,0,1
7,63,941,0,0,0
3,43,866,0,1,0
14,73,944,0,1,1
10,72,937,0,0,0
6,33,810,0,1,1
15,26,843,0,0,1
11,11,1069,1,0,0
20,3,918,0,1,0
4,39,922,0,0,0
15,55,839,1,1,0
12,34,942,1,0,1
7,28,926,0,0,1
8,41,908,1,0,0
10,70,917,0,1,0
10,66,893,1,1,0
6,13,1002,0,0,1
27,70,896,0,0,0
11,51,929,0,1,0
8,72,937,0,1,0
4,62,918,0,1,0
7,63,984,0,0,0
5,29,883,0,1,1
15,36,874,0,0,0
11,31,953,0,0,1
16,41,1014,0,0,0
20,64,976,0,1,0
4,35,864,0,1,0
8,49,924,1,1,1
1,60,859,1,1,1
8,61,856,0,1,0
10,66,790,1,1,1
2,57,954,0,0,0
13,14,849,1,1,0
15,21,1019,0,1,1
6,69,914,0,0,0
8,8,889,1,0,1
11,51,1049,0,1,0
10,70,1033,0,0,1
19,73,1063,0,0,0
8,61,865,0,1,0
12,8,884,0,0,1
17,58,974,0,0,0
3,58,987,0,0,0
13,38,890,0,0,1
17,48,889,1,1,1
9,7,1000,0,1,0
12,34,875,1,0,0
8,49,1002,1,1,1
15,36,870,0,1,0
15,7,941,0,1,1
21,40,900,0,1,0
10,72,937,0,1,1
12,63,1008,0,0,1
10,68,1042,0,1,0
17,29,904,0,1,1
6,16,863,0,1,1
24,44,916,0,1,0
3,58,1065,0,0,0
3,75,1008,1,0,0
8,5,964,0,1,0
"first year teacher",7,961,0,0,0
12,65,1027,0,1,0
3,75,947,1,0,0
24,22,972,0,0,1
7,9,969,1,1,0
12,20,859,0,1,0
6,39,957,1,1,1
16,62,832,0,0,1
24,30,856,0,1,1
19,64,950,1,0,0
12,50,996,1,0,1
7,4,876,0,1,0
12,50,1034,0,0,1
8,66,837,0,1,0
6,13,897,0,1,0
12,34,854,1,0,0
21,40,929,0,0,1
13,80,1060,0,1,1
"first year teacher",37,860,0,1,1
6,31,956,1,1,1
12,50,947,1,1,1
20,23,1126,0,1,0
3,66,968,0,1,0
8,76,936,1,1,0
2,71,851,0,1,1
6,69,962,0,1,0
16,69,921,0,0,0
7,56,884,0,1,0
13,8,870,0,0,1
12,72,980,0,0,1
17,34,897,0,0,0
3,7,860,0,1,1
18,25,892,0,0,1
6,68,1097,1,1,1
6,19,816,0,1,1
10,66,981,1,1,0
2,30,998,1,1,1
11,37,918,0,1,0
3,43,934,0,0,0
12,27,936,0,1,1
9,22,975,1,1,1
17,34,937,0,0,0
2,73,939,1,1,0
10,1,910,0,0,1
8,5,1113,1,0,0
1,20,902,0,0,1
11,61,789,1,1,1
3,58,1003,0,1,0
1,60,853,1,0,1
5,24,902,1,0,1
"first year teacher",46,901,0,0,0
13,11,970,0,0,1
24,30,1156,0,1,1
10,63,1008,0,1,1
6,71,900,1,0,1
9,12,964,1,0,1
20,23,1121,0,0,0
12,63,915,0,0,1
11,6,924,0,0,0
5,51,926,0,1,0
24,22,936,0,1,1
4,35,927,0,0,1
6,63,878,0,0,0
12,79,890,1,1,0
8,78,879,1,0,1
8,72,803,0,1,1
17,43,876,0,1,0
3,58,970,0,1,0
13,66,908,0,0,1
5,1,925,0,0,1
8,4,845,0,1,0
14,73,839,0,1,1
8,4,924,0,1,0
5,64,901,0,1,1
8,74,882,0,1,1
13,54,976,0,0,0
7,63,998,0,1,1
15,66,983,1,0,0
20,3,968,0,0,1
7,22,889,0,0,1
5,67,935,1,1,0
13,60,902,0,1,0
4,35,834,0,1,1
4,48,968,0,0,1
2,32,773,0,0,1
8,4,851,0,1,0
2,32,793,0,1,1
6,19,846,0,1,1
"first year teacher",31,807,0,0,1
12,10,854,0,1,1
3,53,892,0,0,0
6,7,949,1,1,0
6,13,1003,0,0,0
2,40,1091,0,1,1
1,6,861,0,1,1
1,6,994,0,1,1
13,74,910,0,0,0
17,2,878,0,1,1
8,59,826,0,1,1
6,27,1089,0,0,0
3,43,850,0,1,0
3,10,976,0,0,0
10,3,867,1,1,1
1,6,1020,0,0,1
12,65,1023,0,0,0
10,18,948,0,1,1
6,7,853,1,0,1
10,3,873,1,1,1
9,53,945,1,0,1
1,57,867,1,1,0
14,42,907,0,0,0
18,41,940,1,1,0
10,63,997,0,1,0
6,13,1007,0,0,0
9,3,941,0,1,0
20,27,983,0,1,1
16,68,877,0,1,1
16,68,914,0,1,1
8,78,849,0,0,0
6,31,967,1,0,1
5,21,1231,0,0,0
10,18,887,1,0,1
10,42,893,1,0,1
2,32,827,0,0,1
20,3,956,0,1,1
14,59,1044,1,1,0
11,75,939,0,0,0
4,35,960,0,0,0
8,58,955,1,1,0
8,74,912,0,0,1
11,64,844,0,0,1
8,78,868,0,1,0
6,69,1028,0,1,1
12,12,959,0,0,1
16,41,925,0,0,0
17,16,813,0,1,1
3,15,868,0,1,1
12,2,817,1,1,0
17,58,986,0,1,0
6,62,963,1,0,1
17,34,931,0,1,0
13,76,922,0,1,0
21,48,832,1,1,0
5,9,915,0,1,0
2,19,810,1,1,1
10,68,931,0,0,1
11,6,955,0,0,0
6,28,904,1,1,1
5,34,895,0,0,0
11,61,890,1,0,0
5,29,1023,1,0,0
11,49,1001,0,0,0
8,28,782,1,0,1
15,21,941,0,0,0
3,78,847,0,0,0
6,71,879,0,1,1
13,54,868,0,1,1
8,41,957,1,1,0
11,75,892,0,0,0
8,61,898,0,1,0
9,53,839,1,1,1
6,16,937,0,1,1
13,55,960,0,0,0
7,9,954,1,0,1
"first year teacher",7,1033,0,0,0
8,78,903,0,1,0
2,32,938,0,1,1
"first year teacher",46,824,0,1,1
10,24,888,0,1,0
9,12,1051,1,1,0
22,33,891,0,1,1
19,64,899,1,0,0
2,32,847,0,0,1
2,32,810,0,0,1
5,28,816,0,0,1
3,28,906,1,0,1
8,5,973,1,1,0
6,62,834,1,1,0
11,60,868,1,1,0
12,8,1002,0,1,0
8,38,1030,0,1,1
"first year teacher",7,834,0,1,1
3,44,991,1,0,1
14,9,954,0,1,0
16,41,944,0,0,0
13,55,888,0,1,0
20,71,920,1,1,1
"first year teacher",19,862,0,0,1
12,8,967,0,1,0
9,3,959,1,0,0
"first year teacher",46,862,0,1,0
8,16,825,0,1,1
"first year teacher",32,827,0,0,1
27,40,1026,1,1,0
2,30,994,1,0,1
24,22,974,0,0,1
12,52,1074,0,0,0
8,66,893,0,0,0
8,9,863,0,1,1
"first year teacher",17,797,0,1,1
9,7,1206,0,0,0
10,30,993,0,1,1
12,12,971,0,0,1
15,26,831,0,1,1
9,1,935,0,1,0
3,66,989,0,0,0
14,42,893,0,1,0
6,27,1092,0,1,1
10,72,945,0,0,1
3,53,863,0,0,1
9,53,819,1,1,0
12,46,890,0,0,0
1,23,951,0,1,0
6,16,795,0,0,1
1,23,1052,0,1,0
11,23,829,1,1,0
15,55,919,1,0,0
10,63,992,0,1,1
10,3,928,1,0,0
15,41,896,0,1,0
7,22,871,0,0,1
17,29,892,0,0,0
13,80,1021,0,1,0
11,27,934,1,0,1
10,72,849,0,1,1
13,38,865,0,0,1
11,75,841,0,1,1
6,19,1003,1,0,1
3,56,804,0,0,1
13,50,964,0,0,0
11,6,900,0,0,0
22,33,863,0,0,1
10,68,899,0,0,0
10,27,971,0,0,1
12,52,928,0,0,0
5,9,929,0,1,1
12,35,850,0,1,0
19,73,1016,0,0,0
21,40,969,0,1,1
14,73,939,0,1,0
19,64,835,1,0,0
"first year teacher",23,882,1,0,0
3,53,878,0,1,1
11,15,844,0,0,1
10,27,928,0,0,1
5,17,847,1,1,1
5,37,1012,0,0,0
8,78,869,0,0,1
"first year teacher",59,866,0,0,0
20,71,1017,1,1,0
15,7,839,0,1,1
11,75,1136,0,1,0
13,75,936,0,1,0
3,44,850,1,0,1
5,37,1004,0,0,0
10,70,871,0,1,1
4,48,973,0,1,1
17,48,919,1,1,1
3,45,907,1,1,1
11,22,915,0,1,0
8,49,800,1,0,1
14,42,899,0,0,1
13,66,879,0,0,1
13,55,892,0,1,0
12,63,1002,0,0,0
6,19,839,1,1,1
20,12,945,0,0,0
12,34,836,1,0,0
1,33,923,1,1,1
9,28,848,0,1,1
3,66,820,0,0,0
9,53,847,0,0,1
27,40,929,1,0,1
7,63,997,0,0,0
12,50,961,0,0,0
6,2,824,0,1,1
10,30,973,0,0,1
8,5,917,1,1,0
2,32,857,0,1,1
4,7,878,1,1,1
5,51,904,0,1,0
12,27,999,0,0,1
"first year teacher",32,777,0,1,1
13,55,878,0,0,0
16,69,956,0,0,0
13,8,930,1,1,0
5,21,958,0,0,0
22,76,1017,1,1,0
2,30,891,1,0,1
6,39,951,1,1,0
"first year teacher",4,915,1,1,1
19,73,947,0,0,0
"first year teacher",59,940,0,1,1
24,30,1031,0,1,1
10,30,950,0,1,1
4,48,894,0,0,0
3,45,842,1,1,1
2,57,912,0,1,1
8,74,926,0,1,1
1,73,837,1,0,0
11,31,817,0,0,1
14,32,850,1,1,1
12,27,928,0,1,1
14,9,1063,1,0,0
13,74,921,0,1,0
8,3,903,0,0,0
12,54,868,1,0,0
11,37,884,0,1,1
13,79,912,0,1,1
5,37,896,0,0,1
2,19,1014,1,0,1
13,60,878,0,0,0
"first year teacher",59,878,0,0,1
4,48,919,0,0,0
5,9,852,0,1,0
12,72,991,0,1,1
2,32,837,0,0,1
13,51,931,0,1,0
11,37,998,0,1,1
9,3,851,0,1,1
12,15,837,1,0,1
10,18,825,0,1,1
12,2,860,1,0,0
13,74,900,0,1,1
5,33,882,0,0,1
6,26,918,0,1,1
7,22,939,0,0,1
11,75,1033,0,1,0
13,60,865,0,1,1
"first year teacher",44,879,0,1,1
5,28,857,0,0,1
14,73,945,0,1,0
11,60,826,1,1,0
8,74,958,0,0,0
11,11,1148,1,0,0
9,49,915,0,0,1
8,38,1043,1,0,0
17,2,827,0,0,1
1,22,847,0,1,1
6,27,1026,0,0,1
9,53,891,0,0,0
11,61,907,1,1,0
20,64,929,0,1,1
8,61,979,0,1,0
5,21,928,0,1,1
3,44,899,1,0,1
6,39,863,1,0,1
6,63,901,0,0,0
14,36,1012,0,0,0
14,33,868,1,0,1
6,28,817,1,1,1
8,57,934,1,0,0
22,61,920,0,1,0
12,20,869,0,0,0
5,34,890,0,1,1
16,51,1105,1,1,0
4,7,1026,1,0,1
14,42,875,0,1,0
19,64,956,1,1,1
8,8,872,1,1,1
"first year teacher",32,855,0,1,1
13,67,868,0,1,1
8,28,983,1,0,0
16,68,1013,0,1,1
5,39,889,0,1,0
6,69,842,0,1,0
15,7,943,0,1,1
7,9,917,1,0,0
12,8,918,0,0,0
12,52,905,0,0,0
"first year teacher",17,943,0,0,0
11,22,848,0,0,1
6,71,861,1,0,1
1,21,871,0,1,1
16,22,970,0,0,1
12,6,863,1,0,1
4,62,856,0,1,1
3,58,859,0,1,0
4,20,958,0,0,1
17,43,894,0,0,0
11,45,849,0,0,1
13,74,815,0,0,1
6,69,988,0,0,0
10,63,962,0,0,0
13,55,892,0,0,1
8,28,872,1,0,1
5,17,914,1,1,0
4,7,1104,1,1,0
3,78,812,0,1,0
8,38,884,0,1,1
15,55,886,1,1,1
14,1,1012,1,0,1
13,8,915,0,0,1
4,80,869,0,1,0
12,80,1102,1,1,0
27,70,869,0,0,0
6,24,856,0,0,0
12,50,959,0,1,0
8,8,911,1,0,0
"first year teacher",32,916,0,0,1
3,58,896,0,0,0
8,9,943,0,0,0
7,28,897,0,1,1
21,20,978,1,0,0
14,74,984,1,0,0
8,57,901,0,0,0
12,79,904,1,0,0
12,50,966,0,0,1
8,5,792,0,1,0
11,45,844,0,1,1
12,20,880,0,0,1
10,18,881,0,1,1
1,22,855,0,1,0
11,51,941,0,1,0
10,18,856,1,0,1
11,75,908,0,1,0
1,6,839,0,1,0
13,9,1014,1,1,0
4,20,787,0,1,1
1,33,843,1,0,1
27,70,881,0,1,0
5,79,973,1,1,1
2,28,782,1,0,1
5,60,928,0,0,1
8,38,970,1,0,0
13,50,836,0,1,1
8,57,931,0,1,0
12,35,930,0,1,0
24,44,908,0,0,1
27,70,931,0,0,1
5,33,853,0,0,1
17,48,978,1,1,0
12,79,923,1,0,0
13,11,1085,0,1,0
12,80,947,1,1,0
13,14,876,1,1,1
8,5,847,0,0,1
9,7,967,0,1,0
15,36,950,0,1,0
6,71,905,0,0,1
9,7,1092,0,1,1
2,32,858,0,1,1
11,15,854,0,0,1
13,38,905,0,1,1
4,46,884,1,0,0
10,70,885,0,1,0
20,71,917,1,0,0
3,56,814,1,1,0
21,15,857,1,0,1
13,48,1052,0,1,0
3,58,920,0,0,0
8,76,940,1,1,1
8,17,1164,0,1,0
13,48,922,0,0,1
17,29,907,0,1,1
11,45,914,0,1,1
13,48,914,0,0,1
11,22,1120,0,1,1
12,65,934,0,0,1
22,33,811,0,1,1
2,76,1033,0,1,0
13,75,898,0,1,0
13,56,868,0,0,1
3,43,919,0,0,0
3,78,879,0,0,0
12,8,923,0,1,1
12,10,999,0,0,0
8,16,801,0,0,1
20,23,978,0,0,1
12,25,934,1,0,1
10,72,873,0,1,1
10,27,891,0,1,1
12,72,1014,0,1,0
13,80,900,0,0,0
13,24,864,1,0,0
"first year teacher",32,825,0,1,1
12,10,885,0,0,0
5,1,966,0,1,0
2,30,969,1,1,1
12,27,851,0,1,1
"first year teacher",23,1104,1,1,0
16,62,872,0,0,0
13,8,837,0,0,0
16,62,903,0,1,0
12,15,909,1,0,1
11,11,1105,0,1,1
22,76,814,1,0,0
3,75,892,1,0,0
7,22,849,0,0,1
5,9,1081,0,0,0
2,76,849,0,1,1
3,45,925,1,0,1
4,46,1054,1,0,0
6,13,948,0,1,0
12,52,976,0,0,0
3,44,1030,1,0,1
15,47,1065,0,0,0
"first year teacher",23,1022,1,0,1
12,51,969,0,0,0
4,80,981,0,0,0
14,9,942,1,0,1
19,64,864,1,1,1
17,43,865,0,1,0
1,22,858,0,1,1
6,13,1087,0,0,1
20,71,842,1,0,1
8,72,958,0,0,0
7,54,932,0,1,0
4,48,924,0,0,0
4,62,844,0,0,0
6,69,954,0,0,1
5,64,877,0,0,0
3,75,937,1,0,0
3,58,918,0,1,0
7,63,940,0,1,0
11,11,950,0,0,0
"first year teacher",31,926,0,1,1
15,66,932,1,0,0
5,33,976,0,0,1
8,5,862,0,0,1
14,73,954,0,1,0
15,70,921,1,1,0
3,10,1048,0,0,1
12,20,851,0,1,1
10,68,880,0,0,1
3,43,1097,0,0,0
11,15,929,0,0,0
5,17,927,1,1,0
5,33,915,0,1,1
"first year teacher",44,891,0,0,1
2,19,923,1,0,1
11,47,910,1,1,0
6,68,961,1,1,1
5,51,1067,0,0,0
9,3,923,0,0,1
2,34,933,1,1,1
11,18,864,0,0,1
7,4,892,0,1,1
27,70,936,0,1,0
17,29,862,0,1,1
7,4,851,0,0,1
6,33,803,0,1,1
"first year teacher",37,886,0,1,1
4,80,880,0,1,0
8,68,954,1,0,1
13,67,914,0,0,0
14,73,891,0,1,1
11,45,719,0,1,1
13,66,992,0,1,0
17,16,877,0,1,1
13,55,826,0,0,0
12,12,1057,0,1,1
12,74,919,1,1,0
8,78,791,0,0,0
6,33,857,0,1,1
8,5,896,0,0,0
24,44,920,0,1,1
11,11,1039,1,1,0
14,73,1004,0,0,0
6,63,891,0,1,0
6,24,800,0,0,1
13,66,908,0,0,1
4,13,942,1,0,1
5,21,894,0,1,1
20,64,984,0,0,0
8,68,877,1,0,1
7,4,847,0,1,0
12,12,831,0,1,1
12,52,1003,0,0,0
6,13,1071,0,0,0
5,35,1019,1,1,0
12,8,1014,0,1,0
2,40,959,0,0,1
11,6,859,0,0,1
13,80,872,0,1,0
6,16,849,0,0,1
14,9,933,1,1,0
3,58,1018,0,0,0
2,40,954,0,1,1
13,66,919,0,1,0
11,51,931,0,0,0
10,70,1041,0,1,1
3,44,932,1,1,1
1,60,911,1,1,0
4,7,999,1,0,1
7,63,936,1,0,0
12,25,842,1,0,1
13,9,981,1,0,0
12,2,911,1,0,1
19,64,978,1,1,0
5,29,884,0,1,1
10,1,871,0,0,0
13,56,816,0,0,1
9,3,841,0,1,1
10,72,979,0,0,1
22,61,831,0,0,0
"first year teacher",19,1013,0,1,1
7,56,802,0,1,1
18,41,950,1,1,0
12,8,941,0,1,0
20,12,825,0,0,1
15,47,862,0,1,0
4,46,875,1,0,0
8,16,827,0,0,1
1,20,946,0,1,0
12,8,841,0,1,0
20,3,966,0,0,0
10,30,961,0,0,1
24,44,923,0,1,1
22,76,1026,1,0,0
15,41,1124,0,0,0
1,14,900,0,0,1
1,60,1010,1,1,0
9,1,863,0,0,1
2,71,822,0,1,1
15,7,999,0,1,0
6,16,847,0,0,1
13,50,915,0,1,0
3,32,787,0,1,1
7,61,917,1,1,1
4,13,960,1,1,1
3,56,912,0,0,0
10,68,956,0,1,1
6,28,808,1,1,1
2,76,889,0,1,1
14,42,1158,0,0,0
4,35,882,0,1,0
4,80,853,0,0,1
14,1,941,1,1,0
5,24,950,1,1,0
7,56,796,0,1,0
6,71,991,1,1,1
17,43,913,0,0,0
13,55,983,0,1,0
4,63,983,1,0,1
5,29,807,0,0,1
12,52,785,0,0,0
5,29,879,0,1,1
1,14,939,0,1,1
1,73,914,1,0,1
2,19,874,1,0,1
1,22,934,0,1,1
11,60,820,1,0,1
13,50,915,0,0,0
13,67,869,0,1,0
4,63,1011,1,0,0
12,45,800,0,0,1
5,37,906,0,0,1
16,51,989,1,0,0
3,10,1034,0,1,0
20,3,886,0,1,0
3,44,932,1,1,1
4,7,964,1,1,0
11,6,924,0,1,1
6,27,937,0,0,1
1,16,939,1,0,1
12,2,814,1,0,1
15,51,1102,1,0,0
13,76,1036,0,0,1
5,24,956,1,1,0
24,22,890,0,0,1
4,39,887,0,0,1
13,37,940,1,1,0
13,56,803,0,1,1
15,47,896,0,1,0
12,20,832,0,1,0
10,18,860,0,1,1
5,60,907,0,1,1
14,32,920,1,0,1
4,46,905,1,1,1
6,69,984,0,0,0
12,63,965,0,1,0
16,69,1076,0,0,0
9,53,842,0,1,1
17,16,892,0,1,1
3,43,949,0,0,0
1,37,886,1,0,1
"first year teacher",32,876,0,1,1
13,48,972,0,0,1
3,32,876,0,1,1
4,48,868,0,1,1
2,34,960,1,0,0
2,32,825,0,0,1
3,58,940,0,0,0
9,3,805,1,0,1
7,4,846,0,1,0
9,49,896,0,0,1
11,31,954,0,0,1
8,4,928,0,0,0
22,61,902,0,1,0
7,54,899,0,1,0
8,38,978,0,0,1
1,14,890,0,0,1
18,25,857,0,1,0
11,15,851,0,1,1
"first year teacher",67,922,0,1,0
10,24,857,0,0,0
6,13,962,0,0,0
10,68,901,0,0,0
10,72,921,0,1,1
15,36,944,0,0,0
11,51,837,0,0,0
5,51,888,0,1,1
"first year teacher",46,841,0,1,0
12,12,961,0,0,0
10,72,890,0,1,1
10,68,905,0,1,1
16,22,872,0,0,1
5,1,909,0,0,0
"first year teacher",46,906,0,1,1
1,27,962,1,1,1
2,25,944,0,0,0
7,4,939,0,1,0
6,2,807,0,1,0
11,75,909,0,1,0
13,11,1086,0,0,0
16,22,888,0,1,1
17,29,882,0,1,1
14,70,989,0,0,0
8,28,909,1,1,1
6,19,914,0,0,1
1,21,940,0,1,0
10,72,1068,0,0,0
11,31,1008,0,0,1
1,23,970,0,0,0
6,7,876,1,1,1
12,46,975,0,1,0
19,64,902,1,0,0
13,48,906,0,1,1
27,40,900,1,0,1
11,31,1004,0,0,1
"first year teacher",4,865,1,0,0
13,37,961,1,0,1
"first year teacher",32,853,0,0,1
22,33,854,0,1,1
21,20,880,1,0,1
8,5,809,1,1,1
4,13,1002,1,1,0
21,40,862,0,0,1
12,74,921,1,1,0
4,20,931,0,0,1
12,10,1116,1,1,0
8,61,888,0,1,0
10,72,862,0,1,1
3,45,867,1,1,1
8,78,897,0,1,0
14,42,883,0,1,0
24,44,943,0,0,1
2,71,943,0,1,0
13,51,862,0,0,0
11,51,991,0,0,0
8,66,895,0,1,0
5,24,842,1,1,1
10,30,996,0,1,1
12,72,1023,0,1,1
1,20,888,0,1,0
24,30,1053,0,0,1
5,33,899,0,0,1
24,22,1003,0,0,1
16,69,936,0,1,1
6,68,1046,1,1,0
2,16,954,1,0,1
13,79,917,0,1,0
10,1,996,0,0,0
6,16,859,0,0,1
3,44,989,1,1,1
8,70,783,1,0,1
3,44,1000,1,0,1
13,76,938,0,0,1
"first year teacher",59,951,0,0,0
14,73,937,0,1,0
8,78,902,0,1,1
17,58,931,0,0,1
1,76,978,0,0,0
13,55,975,0,1,0
5,79,1000,1,0,0
"first year teacher",7,900,0,1,1
4,35,936,0,1,0
13,54,997,0,1,0
15,21,949,0,0,0
4,62,937,0,1,1
8,9,1001,0,1,0
15,55,981,1,1,0
11,61,931,1,0,0
8,57,886,0,1,0
"first year teacher",19,851,0,1,1
12,52,938,0,0,0
16,22,868,0,1,1
5,58,1079,1,0,0
13,74,905,0,0,0
3,78,876,0,1,0
2,40,1010,0,0,1
24,22,911,0,0,0
4,40,911,1,1,1
12,8,857,0,0,1
"first year teacher",44,808,0,1,1
13,76,949,0,1,1
8,16,834,0,0,1
8,68,898,1,1,0
12,2,799,1,1,1
11,49,868,0,1,1
8,9,914,0,1,1
2,57,884,0,1,0
8,4,903,0,0,0
13,55,907,0,0,1
12,63,983,0,0,0
9,49,1056,0,0,0
3,56,836,1,1,1
24,44,984,0,1,1
8,70,875,1,1,1
1,20,895,0,0,0
11,61,1019,1,1,0
14,70,988,0,0,0
14,74,986,1,0,0
4,62,894,0,0,1
17,2,844,0,1,1
9,1,873,0,1,1
7,56,756,0,0,0
"first year teacher",23,923,1,1,1
6,69,914,1,0,0
13,67,896,0,1,1
11,37,984,0,0,0
8,58,964,1,1,0
8,5,823,0,0,0
1,76,896,0,0,1
5,29,924,1,0,1
12,72,1058,0,1,0
6,39,851,1,1,0
13,55,831,0,1,1
8,16,791,0,1,1
13,66,855,0,1,0
16,41,1091,0,0,0
12,46,901,0,1,0
11,18,834,0,0,1
12,63,837,0,0,1
5,28,757,0,0,1
12,15,953,1,1,0
17,2,877,0,1,1
1,60,889,1,1,0
3,42,887,0,0,0
16,41,1093,0,0,0
16,51,945,1,0,0
12,20,937,0,1,1
13,55,854,0,1,0
5,21,979,0,0,1
8,74,949,0,1,0
6,72,1068,1,0,0
5,47,856,0,0,1
4,39,945,0,0,1
11,37,875,0,1,0
8,66,827,0,1,0
8,5,858,0,0,1
13,74,814,0,0,0
12,15,898,1,1,1
9,7,1014,0,0,0
16,72,1116,1,0,0
21,40,1111,0,1,1
13,55,997,0,1,0
5,79,1029,1,1,0
"first year teacher",43,871,1,0,1
5,79,917,1,0,0
21,40,902,0,0,1
6,13,959,0,1,1
8,72,968,0,1,0
13,56,910,0,0,0
10,18,834,1,0,0
10,68,956,0,0,1
10,1,951,0,0,0
15,36,912,0,0,0
"first year teacher",23,1073,1,1,1
1,20,1003,0,1,0
8,5,809,0,0,1
22,61,962,0,1,0
6,13,1010,0,0,1
13,55,827,0,1,0
12,46,1014,0,0,1
13,38,863,0,1,1
13,55,879,0,1,0
16,22,866,0,1,1
16,41,1167,0,1,0
15,41,1037,0,1,0
3,58,961,0,0,0
17,43,938,0,1,0
11,23,905,1,0,1
16,68,959,0,0,1
7,54,978,0,1,0
24,44,959,0,0,1
6,69,931,1,0,0
1,32,831,1,1,1
14,52,1055,1,0,1
14,21,949,1,0,0
8,74,1042,0,0,0
8,78,906,1,0,0
18,52,922,0,1,0
20,17,835,1,0,1
1,20,1003,0,0,0
14,74,1046,1,0,0
8,74,877,0,0,1
5,28,852,0,1,1
1,22,906,0,0,1
15,21,928,0,1,0
17,16,870,0,1,1
6,13,925,0,1,1
2,28,853,1,0,0
4,35,842,0,0,1
9,28,903,0,1,1
7,22,898,0,0,1
10,68,902,0,0,1
7,22,816,0,0,1
12,6,987,1,0,0
5,33,847,0,1,1
9,18,1012,0,0,1
1,57,887,1,0,0
18,52,1054,0,0,0
11,18,963,0,1,0
13,50,920,0,1,1
14,33,909,1,0,1
10,70,936,0,0,1
5,58,1061,1,1,0
12,12,922,0,0,0
17,16,799,0,0,1
2,28,960,1,0,1
8,17,849,0,0,1
1,73,936,1,1,0
11,6,937,0,1,1
9,7,1140,0,0,0
1,14,952,0,0,0
12,8,892,0,1,0
1,26,822,1,1,1
4,20,857,0,1,0
7,4,870,0,0,0
9,12,852,1,1,0
1,32,813,1,0,1
17,16,811,0,1,1
"first year teacher",46,901,0,0,0
1,32,835,1,1,1
8,16,777,0,0,1
10,24,910,0,0,0
11,75,939,0,0,0
2,30,1017,1,1,1
1,21,854,0,0,1
13,76,882,0,1,0
12,35,865,0,0,0
4,40,1022,1,1,0
6,19,921,1,1,1
11,49,813,0,1,1
8,3,918,0,1,0
17,29,898,0,1,1
13,74,905,0,0,0
12,20,867,0,0,0
10,28,952,0,0,1
7,4,834,0,0,0
15,21,980,0,0,0
11,6,782,0,1,0
12,12,1012,0,1,1
2,57,896,0,1,0
10,72,790,0,1,1
3,7,856,0,1,0
"first year teacher",44,858,0,1,0
5,60,865,0,0,1
13,75,835,0,1,0
8,5,1136,1,1,0
1,32,868,1,0,1
6,68,1055,1,1,0
6,19,854,1,1,1
12,27,897,0,1,1
9,22,822,1,1,1
12,46,844,0,0,1
4,62,927,0,1,1
6,13,976,0,0,0
2,40,1059,0,0,0
10,18,985,1,0,0
2,32,817,0,0,1
20,3,928,0,0,0
5,33,937,0,0,1
3,58,989,0,1,0
8,59,1044,0,1,0
5,24,840,1,0,0
3,43,991,0,1,0
6,69,957,0,0,0
24,44,1019,0,1,1
14,73,851,0,0,1
12,10,1066,0,1,0
13,51,924,0,1,0
"first year teacher",31,945,0,1,1
17,43,860,0,0,1
15,43,876,1,0,0
"first year teacher",17,889,0,0,0
15,66,905,1,1,0
3,42,1100,0,1,0
13,55,971,0,0,0
13,60,912,0,1,1
12,52,1037,0,0,0
14,9,948,0,1,0
5,29,986,0,1,1
12,51,957,0,0,0
2,76,894,0,1,1
9,53,854,0,1,1
16,62,870,0,1,1
"first year teacher",31,856,0,1,1
"first year teacher",27,998,0,1,1
15,51,1022,1,1,0
8,61,869,0,0,0
11,6,912,0,1,0
14,42,870,0,1,0
20,17,850,1,1,0
6,27,953,0,1,1
"first year teacher",43,1021,1,1,0
4,62,983,0,0,0
6,28,836,1,0,1
5,51,1011,0,0,0
3,7,915,0,1,0
6,69,973,1,0,1
3,56,1034,0,1,0
11,64,932,0,0,1
12,50,870,0,1,0
19,64,901,1,0,1
11,37,916,0,1,0
14,21,998,1,1,1
13,79,1006,0,0,0
12,50,940,0,0,1
17,58,882,0,1,0
24,44,1144,0,1,1
6,19,920,1,0,1
"first year teacher",19,971,0,0,1
2,25,968,0,1,1
21,23,925,0,1,0
21,48,882,1,0,1
8,59,944,0,0,0
10,42,869,1,0,0
14,59,986,1,1,0
13,11,902,0,1,0
21,20,903,1,0,1
6,2,847,0,1,1
10,66,900,1,0,1
2,39,954,1,0,1
22,76,895,1,0,1
8,49,968,1,0,0
21,48,905,1,1,0
6,62,895,1,1,0
10,72,1061,0,0,0
9,7,1066,0,1,0
10,51,926,1,0,0
19,64,939,1,0,1
10,68,901,0,1,0
11,45,810,0,1,1
16,62,919,0,0,0
13,75,856,0,1,0
17,58,917,0,1,0
3,56,930,0,0,1
16,68,1057,0,1,0
10,68,894,0,1,0
16,22,928,0,0,1
6,69,870,0,1,1
13,37,901,1,0,1
10,28,943,0,1,1
8,41,1017,1,1,0
7,63,980,0,1,0
12,6,890,1,0,1
15,41,987,0,0,0
4,46,929,1,1,1
9,49,961,0,0,0
2,16,941,1,1,1
14,73,910,0,0,1
14,33,942,1,0,1
6,13,975,0,0,0
10,63,974,0,1,1
4,35,939,0,0,1
10,66,868,1,1,0
11,9,810,0,1,1
12,6,868,1,0,1
8,16,745,0,1,1
6,2,845,0,1,1
11,31,911,0,0,1
"first year teacher",7,964,0,0,0
3,66,1032,0,1,0
11,18,892,0,0,0
2,76,964,0,0,0
4,46,831,1,1,0
12,80,989,1,1,1
6,31,1017,1,1,1
17,36,929,1,1,0
2,32,871,0,0,0
2,30,1016,1,0,0
6,24,887,0,0,0
6,33,855,0,0,1
11,51,1152,0,1,0
15,7,967,0,0,0
12,72,858,0,0,1
3,7,923,0,0,0
20,12,922,0,1,1
10,42,892,1,1,0
5,39,869,0,1,1
13,74,984,0,1,0
13,76,996,0,0,0
6,26,881,0,0,1
3,28,1067,1,0,1
13,74,892,0,0,0
"first year teacher",19,970,0,0,1
10,72,997,0,1,1
1,76,929,0,1,1
8,41,950,1,0,0
6,68,1033,1,1,0
"first year teacher",44,927,0,0,1
8,58,959,1,1,0
5,58,958,1,0,0
15,51,994,1,1,0
12,27,994,0,1,1
16,51,962,1,1,0
14,9,941,0,0,1
12,50,944,0,0,1
12,8,824,0,0,1
5,17,911,1,0,0
13,9,890,1,1,0
5,67,892,1,1,0
18,41,944,1,1,0
3,43,1010,0,0,0
24,22,937,0,1,1
8,17,962,0,1,0
14,36,966,0,1,0
"first year teacher",31,975,0,0,1
11,18,906,0,0,0
8,17,983,0,1,0
8,78,893,1,0,1
12,8,865,0,0,1
13,48,925,0,1,1
9,53,1038,1,1,0
9,49,895,0,0,0
19,64,916,1,1,1
13,79,1079,0,1,0
13,8,911,0,0,1
13,79,894,0,1,0
4,13,989,1,0,0
1,23,941,0,1,1
7,28,845,0,1,1
13,8,940,0,0,0
12,45,805,0,1,1
10,27,951,0,1,0
13,8,897,1,1,0
13,8,869,0,1,0
20,27,955,0,0,1
12,65,1059,0,0,0
16,51,1037,1,0,0
12,80,1031,1,0,0
7,61,1085,1,1,0
8,61,858,0,1,0
13,55,947,0,1,0
8,78,789,0,0,1
6,39,881,1,0,0
16,22,841,0,0,1
"first year teacher",32,849,0,0,1
3,7,962,0,1,0
2,57,829,0,1,0
3,75,1014,1,1,0
3,22,1153,1,0,1
8,66,842,0,0,1
6,26,815,0,0,1
3,28,983,1,0,1
5,39,914,0,1,1
12,51,911,0,1,0
15,55,899,1,1,0
12,65,980,0,1,1
"first year teacher",46,994,0,0,0
3,53,831,0,1,1
12,79,815,0,0,1
2,32,772,0,1,1
3,32,844,0,0,1
12,45,913,0,0,0
5,37,949,0,0,1
27,70,830,0,1,1
4,13,980,1,0,1
14,70,962,0,0,1
22,76,936,1,1,1
1,33,927,1,0,1
21,23,868,0,0,1
8,28,884,1,1,1
11,22,931,0,0,1
7,36,944,1,0,0
18,52,862,0,1,0
1,60,847,1,0,0
12,35,880,0,0,0
21,15,884,1,1,0
10,1,898,0,1,0
12,50,942,0,1,0
12,80,1059,1,0,0
6,69,1039,0,0,0
2,76,934,0,0,0
9,1,972,0,1,0
12,10,1156,1,0,0
21,40,918,0,1,0
5,17,844,1,1,1
6,27,1007,0,1,0
1,26,787,1,0,1
8,4,890,0,1,0
5,29,882,0,1,1
11,22,857,0,1,1
12,50,965,1,1,0
10,3,997,1,0,0
"first year teacher",44,899,0,0,1
2,71,879,0,1,0
12,65,893,0,1,0
1,37,831,1,0,0
17,16,852,0,0,1
21,56,898,1,1,0
16,72,997,1,1,0
10,72,981,0,0,1
17,36,947,1,1,0
6,7,950,1,0,0
3,78,1036,0,0,0
7,54,1027,0,1,0
12,72,894,0,1,1
13,75,996,0,0,1
19,73,1012,0,0,0
10,18,858,0,0,1
20,64,916,0,1,0
7,63,953,0,1,0
20,27,971,0,0,1
3,53,800,0,1,0
22,33,853,0,1,1
1,21,986,0,0,0
15,70,906,1,0,0
"first year teacher",19,870,0,0,1
1,27,914,1,1,1
8,5,871,0,0,1
10,51,890,1,1,0
10,51,936,1,0,0
1,73,881,1,1,1
20,64,821,0,0,1
1,27,881,1,0,1
8,74,909,0,0,0
3,66,859,0,1,1
19,73,934,0,1,0
14,73,995,0,1,1
1,20,921,0,0,1
15,36,911,0,1,0
10,28,1021,0,0,1
11,31,925,0,0,1
5,9,873,0,1,0
13,75,881,0,1,1
18,25,933,0,0,0
12,8,942,0,1,0
"first year teacher",43,947,1,1,1
10,30,965,0,0,1
1,23,916,0,0,1
6,27,983,0,0,1
2,40,1024,0,0,1
12,54,763,1,1,1
6,69,963,0,0,0
20,12,1005,0,0,0
8,9,949,0,0,0
1,73,898,1,1,0
14,36,904,0,0,1
8,70,822,1,0,0
13,55,869,0,1,1
5,64,912,0,0,1
1,76,930,0,1,0
13,54,934,0,0,1
13,8,945,0,0,1
11,11,1010,0,1,0
6,19,950,0,0,1
8,68,877,1,1,1
27,40,898,1,0,1
12,79,870,0,1,0
8,38,1028,1,1,1
6,19,826,0,1,1
17,29,993,0,0,1
16,62,976,0,1,0
"first year teacher",44,897,0,1,0
"first year teacher",59,903,0,0,1
"first year teacher",32,889,0,1,1
7,22,878,0,0,1
13,76,860,0,0,0
3,58,917,0,1,0
7,54,953,0,1,0
8,3,908,0,0,0
3,58,946,0,1,0
1,76,939,0,1,0
10,18,934,0,1,0
17,43,1000,0,0,0
2,19,885,1,1,1
11,59,897,1,0,0
3,56,834,1,1,1
3,53,878,0,0,0
7,56,794,0,1,0
22,33,821,0,0,1
12,54,934,1,1,1
16,41,939,0,1,0
3,58,926,0,1,0
10,68,868,0,1,1
3,45,858,1,0,1
22,76,820,1,1,0
4,20,1130,0,0,0
1,19,851,0,1,1
10,42,1021,1,0,0
6,24,856,0,1,0
8,72,850,0,1,1
8,76,928,1,1,0
16,68,1012,0,1,0
1,27,847,1,1,1
1,26,809,1,1,1
22,33,820,0,0,1
1,23,959,0,1,1
9,65,958,0,1,0
12,46,937,0,1,0
13,55,870,0,1,0
13,48,887,0,0,1
2,34,898,1,0,1
7,28,815,0,1,1
1,37,842,1,0,1
8,38,923,0,1,0
15,26,895,0,0,1
13,80,920,0,0,1
8,5,823,0,0,1
21,56,881,1,1,1
13,11,1039,0,0,0
14,74,958,1,1,1
6,71,914,1,1,1
6,13,906,0,1,1
12,6,891,1,1,0
14,32,959,1,0,1
8,5,903,1,1,0
5,34,900,0,1,1
12,45,821,0,0,1
6,71,895,1,1,0
3,42,881,0,1,0
5,58,996,1,1,0
10,70,990,0,1,1
12,51,899,0,0,0
6,26,905,0,0,1
12,46,1034,0,0,0
27,70,926,0,1,0
11,49,973,0,0,1
13,55,915,0,0,0
3,7,944,0,0,1
8,28,803,1,0,0
7,61,899,1,1,0
13,80,939,0,1,0
3,15,912,0,0,1
16,51,954,1,1,0
12,63,928,0,1,0
3,78,891,0,0,0
11,59,807,1,1,1
15,65,1066,1,0,1
"first year teacher",7,832,0,0,1
5,33,896,0,0,1
"first year teacher",46,862,0,1,0
27,40,875,1,1,1
6,71,822,0,0,1
8,58,1099,1,0,0
"first year teacher",59,795,0,1,0
12,27,956,0,0,1
14,42,929,0,1,0
4,48,882,0,1,0
22,33,869,0,0,1
12,27,1014,0,0,1
3,66,980,0,0,0
1,32,794,1,1,1
1,21,940,0,1,1
12,51,1000,0,1,0
13,9,953,1,0,0
1,16,943,1,0,1
15,47,984,0,1,1
9,28,821,0,1,1
22,33,943,0,0,1
6,63,812,0,0,1
"first year teacher",32,876,0,0,1
13,80,853,0,1,0
10,72,816,0,1,1
12,52,862,0,1,0
7,61,877,1,0,0
2,25,891,0,1,1
5,17,829,1,0,1
3,75,782,1,0,1
6,19,1041,1,0,1
13,55,975,0,0,0
17,34,842,0,1,0
"first year teacher",46,905,0,0,0
10,51,945,1,0,0
8,38,920,0,1,1
13,80,841,0,0,1
5,29,884,0,1,1
"first year teacher",37,894,0,1,0
6,24,954,0,0,0
"first year teacher",43,1129,1,1,0
11,27,896,1,1,1
8,57,928,0,0,0
13,76,787,0,1,1
20,12,1004,0,1,0
2,76,1087,0,0,1
3,44,1037,1,0,1
"first year teacher",44,847,0,0,1
"first year teacher",42,1079,1,1,0
4,20,820,0,1,1
11,60,912,1,0,0
8,66,901,0,1,0
3,58,872,0,0,1
13,24,890,1,1,1
14,32,989,1,0,1
12,8,864,0,0,0
9,7,889,0,1,0
5,47,984,0,1,0
9,49,959,0,0,0
6,13,950,0,1,1
6,26,864,0,0,0
11,27,891,1,0,0
11,47,936,1,0,1
10,68,1025,0,1,1
6,33,824,0,1,0
6,19,891,0,1,1
3,43,860,0,1,0
12,74,983,1,0,0
22,76,903,1,0,0
9,53,856,0,0,1
1,23,914,0,1,1
9,53,840,1,0,1
"first year teacher",43,1057,1,0,0
4,63,990,1,0,0
12,79,936,0,1,0
16,22,913,0,1,1
5,21,1058,0,1,1
11,15,887,0,1,1
3,28,849,1,0,1
24,30,1042,0,1,1
2,32,948,0,1,1
7,56,728,0,1,1
7,36,823,1,1,1
17,16,831,0,1,1
1,21,896,0,0,1
5,64,837,0,0,1
14,9,993,0,1,0
16,62,879,0,1,0
11,49,906,0,1,1
5,37,928,0,0,0
3,15,928,0,0,1
8,66,872,0,0,1
15,41,1171,0,0,0
20,27,1026,0,0,1
6,69,1000,1,1,0
11,75,827,0,1,1
12,79,963,0,0,0
2,25,925,0,0,1
22,61,887,0,0,0
3,22,1060,1,1,1
4,20,927,0,0,0
"first year teacher",32,837,0,1,1
14,32,792,1,1,1
14,70,934,0,1,1
6,68,962,1,0,1
4,80,964,0,0,0
10,3,911,1,1,0
5,79,998,1,0,0
13,79,969,0,0,0
12,50,1053,1,0,0
12,10,877,0,0,0
"first year teacher",27,949,0,1,1
7,63,990,0,1,0
16,68,1050,0,0,0
16,69,959,0,0,0
11,49,939,0,1,0
11,64,949,0,1,0
15,65,887,1,0,1
24,30,1029,0,1,1
3,53,861,0,0,1
15,7,988,0,1,0
11,59,951,1,0,0
16,69,1081,0,0,0
6,71,910,0,1,0
1,76,923,0,0,0
13,55,893,0,1,0
9,3,1036,0,0,1
10,3,953,1,0,0
20,64,887,0,1,0
11,64,871,0,0,1
7,56,820,0,1,0
13,24,948,1,0,1
"first year teacher",44,882,0,1,1
13,60,829,0,1,1
1,33,899,1,0,1
11,59,924,1,0,0
10,63,1021,0,1,0
13,55,859,0,0,0
17,29,886,0,1,1
11,9,933,0,0,0
13,56,800,0,0,1
3,44,1094,1,0,1
7,22,856,0,1,1
14,70,902,0,0,1
1,76,917,0,1,0
12,35,861,0,0,1
15,66,1012,1,1,0
3,78,892,0,1,1
14,73,885,0,0,1
11,45,816,0,1,0
9,3,913,1,1,0
8,3,887,0,1,0
6,16,858,0,0,1
16,72,936,1,1,0
11,23,1026,1,0,0
15,51,989,1,0,0
27,70,978,0,0,0
3,66,857,0,0,0
1,6,881,0,0,1
14,73,864,0,0,1
2,39,970,1,0,0
"first year teacher",27,939,0,1,1
7,63,993,1,0,0
3,53,852,0,1,1
8,59,944,0,0,0
5,60,881,0,1,0
12,25,920,1,0,1
13,38,1073,0,0,1
6,71,918,0,1,1
12,72,1041,0,0,0
13,56,893,0,1,0
14,59,996,1,1,1
10,68,844,0,0,1
12,12,968,0,0,1
6,13,1014,0,1,0
15,36,891,0,1,0
2,76,890,0,0,0
2,34,924,1,0,0
4,39,940,0,1,1
1,21,937,0,0,0
10,27,903,0,0,1
7,63,937,1,0,0
8,70,994,1,1,1
20,71,931,1,0,1
8,59,945,0,0,0
12,74,851,1,1,0
3,43,1004,0,1,0
2,32,867,0,0,1
21,56,917,1,0,1
10,72,916,0,0,1
13,76,1073,0,0,0
1,23,928,0,0,0
"first year teacher",44,912,0,1,1
13,24,915,1,0,0
12,65,904,0,0,0
12,72,901,0,0,1
11,75,1003,0,1,0
8,61,945,0,0,0
5,17,945,1,0,0
11,18,780,0,0,1
"first year teacher",27,903,0,0,1
12,25,949,1,1,0
8,61,919,0,0,0
2,76,878,0,1,0
10,24,898,0,1,1
12,10,1101,0,0,0
11,47,937,1,1,1
7,28,889,0,0,1
15,43,1013,1,1,1
8,28,910,1,1,0
"first year teacher",31,984,0,0,1
12,10,990,0,0,0
1,60,915,1,1,0
8,66,834,0,1,0
9,53,889,0,0,1
2,73,897,1,1,0
8,57,761,0,0,1
19,64,1006,1,1,0
24,30,1079,0,0,1
"first year teacher",32,864,0,1,1
3,7,934,0,1,1
9,28,889,0,1,1
4,46,976,1,0,0
22,76,938,1,1,0
6,2,792,0,1,1
11,75,902,0,1,0
12,50,989,0,1,0
2,71,875,0,1,1
2,28,897,1,0,1
6,50,805,1,1,1
"first year teacher",67,1017,0,0,0
7,63,870,1,1,1
8,8,884,1,0,0
9,53,823,1,1,0
11,64,799,0,1,1
11,37,961,0,0,0
6,62,857,1,1,1
5,64,848,0,1,0
12,50,973,0,1,0
3,7,1100,0,0,0
13,74,968,0,0,1
3,75,839,1,0,0
12,34,889,1,0,0
7,54,968,0,1,0
"first year teacher",37,925,0,0,0
9,65,937,0,1,0
6,19,900,1,0,1
2,30,1044,1,0,1
5,29,986,1,1,1
13,55,866,0,1,0
8,72,839,0,1,1
8,38,983,1,0,0
27,70,914,0,1,0
12,79,866,0,1,1
14,36,940,0,1,0
6,62,884,1,0,1
13,55,798,0,0,0
8,72,925,0,0,1
6,16,829,0,1,1
16,51,1014,1,0,0
14,9,1089,1,1,0
11,75,908,0,0,0
7,54,986,0,1,0
11,75,970,0,0,0
9,22,983,1,1,1
22,33,867,0,1,1
3,28,981,1,1,1
7,63,1008,0,0,1
3,58,980,0,1,0
27,70,952,0,1,0
"first year teacher",17,852,0,1,0
11,37,954,0,1,1
3,75,823,1,1,0
11,11,981,0,1,0
13,55,801,0,1,0
5,67,918,1,1,1
3,56,857,0,1,1
1,37,907,1,1,1
12,72,976,0,0,1
8,78,994,1,0,0
12,8,931,0,0,0
12,27,1007,0,1,1
13,55,878,0,0,0
12,50,1041,1,0,0
4,35,880,0,1,0
6,19,802,0,1,1
12,50,864,0,0,1
16,72,1042,1,0,0
9,12,1047,1,1,1
"first year teacher",7,884,0,1,1
1,57,848,1,1,0
16,22,902,0,1,1
9,28,847,0,0,1
2,71,886,0,0,0
6,71,826,0,0,0
4,63,976,1,1,0
12,63,928,0,1,0
6,71,836,1,1,1
6,13,997,0,1,0
2,57,894,0,1,0
13,48,895,0,0,1
9,53,889,0,0,1
5,60,881,0,1,1
6,71,862,1,1,0
"first year teacher",32,839,0,0,1
9,18,845,0,0,0
8,5,900,0,1,1
"first year teacher",67,895,0,1,0
9,49,942,0,1,0
13,50,841,0,0,1
8,38,898,1,1,0
12,35,800,0,1,1
18,25,820,0,1,1
5,64,862,0,0,0
1,14,873,0,1,1
8,68,921,1,1,1
8,17,1001,0,0,1
13,80,931,0,0,0
13,24,890,1,0,0
3,32,820,0,0,1
13,66,949,0,1,0
10,51,920,1,0,0
9,65,936,0,1,0
"first year teacher",32,829,0,0,1
10,68,947,0,1,0
5,39,951,0,1,0
13,50,886,0,1,1
1,73,1003,1,0,0
8,72,879,0,0,1
5,33,869,0,1,1
10,30,984,0,0,1
3,45,851,1,0,1
6,71,940,0,0,0
3,78,874,0,1,1
5,37,796,0,0,0
6,16,834,0,1,1
8,41,907,1,1,0
13,11,1104,0,1,0
3,78,815,0,0,1
15,51,1147,1,0,0
8,38,984,1,0,0
18,41,963,1,0,0
11,6,866,0,0,0
21,56,1042,1,0,0
11,75,881,0,0,0
10,68,905,0,0,1
12,27,1007,0,1,1
11,9,924,0,1,1
12,79,816,0,1,1
15,21,928,0,0,1
6,69,1034,1,1,0
11,75,949,0,0,0
8,5,813,0,1,0
10,70,911,0,0,1
20,27,1016,0,0,1
1,73,808,1,1,1
"first year teacher",37,1058,0,0,0
11,45,820,0,1,1
15,70,903,1,0,1
24,22,939,0,1,1
7,63,1026,1,1,0
13,8,877,1,0,0
9,53,813,1,1,1
6,33,811,0,0,1
6,13,888,0,1,0
4,80,915,0,1,0
8,78,854,0,0,0
14,52,940,1,1,0
4,63,870,1,0,1
11,37,931,0,0,1
5,79,983,1,1,0
11,75,1018,0,0,0
20,12,884,0,1,1
10,30,875,0,1,0
15,55,885,1,1,1
15,41,896,0,0,0
12,52,1087,0,0,0
10,24,834,0,1,0
9,28,929,0,0,0
22,33,868,0,0,1
14,9,1017,0,1,1
12,65,954,0,1,1
8,49,906,1,1,0
14,74,1094,1,0,0
3,45,909,1,0,1
24,30,1087,0,0,1
11,9,954,0,0,0
7,9,956,1,1,0
6,50,907,1,1,0
1,22,808,0,1,1
10,30,940,0,0,1
5,47,961,0,0,0
14,42,915,0,0,0
3,66,880,0,1,0
5,35,1051,1,0,0
12,8,831,0,0,1
15,66,905,1,1,1
8,17,967,0,0,0
12,45,816,0,0,1
11,27,905,1,0,1
10,63,994,0,1,0
1,27,951,1,0,1
14,52,1086,1,0,0
8,57,867,0,0,0
"first year teacher",17,827,0,0,0
12,10,1025,0,0,0
11,61,883,1,1,0
11,47,924,1,0,0
10,28,897,0,1,1
3,56,859,1,0,0
3,58,879,0,1,0
11,75,985,0,1,0
5,33,923,0,0,1
20,12,861,0,1,1
13,55,921,0,0,1
2,32,856,0,1,1
10,63,792,0,1,1
11,45,729,0,1,1
9,28,967,0,0,1
12,80,1121,1,0,0
11,11,966,0,0,0
18,41,1093,1,1,0
13,74,890,0,0,0
1,57,837,1,1,1
3,56,874,1,0,1
9,3,929,0,1,0
5,64,826,0,1,0
3,32,924,0,0,1
16,41,931,0,0,0
10,70,890,0,1,1
1,22,822,0,1,1
6,72,1010,1,1,1
1,26,820,1,0,1
13,75,942,0,0,0
13,55,1067,0,0,0
11,60,857,1,0,0
12,45,825,0,1,1
12,45,785,0,0,1
13,74,1034,0,0,0
17,16,851,0,1,1
16,72,1066,1,0,0
"first year teacher",17,976,0,1,0
5,9,844,0,1,1
7,54,1034,0,0,0
13,50,902,0,0,1
8,68,960,1,0,1
2,19,1024,1,0,1
17,48,993,1,0,1
12,35,826,0,0,1
1,22,873,0,0,1
5,64,920,0,1,0
19,73,1003,0,0,0
17,2,834,0,1,1
10,70,1069,0,1,0
13,75,967,0,0,0
1,76,971,0,1,0
2,71,1009,0,1,0
8,8,837,1,0,0
21,20,1013,1,0,0
7,4,875,0,1,0
3,42,1044,0,1,0
5,21,949,0,1,0
10,72,992,0,0,1
19,64,952,1,0,0
12,45,850,0,1,1
19,73,933,0,0,1
17,34,925,0,0,0
10,70,903,0,0,0
7,63,1031,0,0,0
21,40,924,0,1,1
1,6,866,0,0,1
17,58,975,0,1,0
18,52,957,0,0,0
13,56,796,0,0,1
8,59,873,0,1,0
16,62,891,0,0,1
2,71,816,0,0,1
14,36,917,0,1,0
8,38,944,0,1,1
1,73,884,1,1,1
8,16,912,0,0,1
13,38,934,0,0,0
14,70,1029,0,1,0
3,10,929,0,0,0
8,61,924,0,0,0
2,76,756,0,1,1
7,22,825,0,1,1
6,62,926,1,0,0
13,80,1094,0,0,0
"first year teacher",43,789,1,0,0
19,64,903,1,0,1
14,9,902,0,0,0
10,28,872,0,1,1
17,2,834,0,0,1
20,12,857,0,0,1
8,74,962,0,0,1
6,27,910,0,1,1
10,68,953,0,0,0
15,65,879,1,0,0
2,39,918,1,1,1
5,67,858,1,0,0
17,34,931,0,0,0
15,47,996,0,0,0
12,80,949,1,1,0
8,78,917,1,0,0
2,32,846,0,0,1
"first year teacher",27,903,0,1,1
6,7,871,1,1,1
11,45,896,0,1,1
12,10,857,0,0,1
11,9,935,0,0,1
14,59,1076,1,0,0
13,55,895,0,1,1
17,43,870,0,0,0
10,27,1010,0,0,1
"first year teacher",17,1056,0,0,0
"first year teacher",19,839,0,1,1
5,33,884,0,0,1
11,45,868,0,1,1
15,36,903,0,1,0
8,57,934,1,0,0
22,61,902,0,0,0
1,6,841,0,0,0
21,40,875,0,0,1
21,20,865,1,0,1
9,1,970,0,1,1
22,33,867,0,1,1
16,41,943,0,0,0
15,51,929,1,1,0
8,3,925,0,0,0
20,23,981,0,1,1
2,16,818,1,1,1
13,79,1049,0,0,0
14,70,836,0,0,1
13,75,910,0,0,0
1,16,813,1,0,1
13,14,820,1,1,1
8,70,898,1,0,0
5,79,852,1,1,1
12,20,867,0,1,0
7,36,829,1,1,1
12,79,988,0,1,0
11,60,886,1,0,1
3,45,789,1,1,1
1,73,1133,1,0,0
8,58,932,1,1,0
6,62,890,1,1,0
8,49,1042,1,1,0
"first year teacher",67,950,0,0,1
24,22,909,0,0,1
2,32,870,0,1,0
